#CHR	POS	REF	ALT	SNP	all_meta_N	all_inv_var_meta_beta	all_inv_var_meta_sebeta	all_inv_var_meta_p	all_inv_var_meta_cases	all_inv_var_meta_controls	all_inv_var_meta_effective	all_inv_var_het_p	lmso_inv_var_beta	lmso_inv_var_se	lmso_inv_var_pval	all_meta_AF	rsid	b38_chr	b38_pos	b38_ref	b38_alt	liftover_info
1	155127749	T	C	1:155155273:T:C	98	-2.3178e-02	4.1014e-03	1.5925e-08	159215	2781805	131965	8.3915e-02	-0.02186087398432628	0.004423661545337773	7.740250034090598e-07	4.959e-01	rs7535292	1	155155273	T	C	.
1	155128717	T	C	1:155156241:T:C	101	-2.4217e-02	3.9206e-03	6.5424e-10	219067	3004121	178917	9.8164e-02	-0.023179018042486257	0.004199236643945518	3.393527793613177e-08	4.959e-01	rs4971077	1	155156241	T	C	.
1	155130900	C	T	1:155158424:C:T	94	-2.4037e-02	4.2476e-03	1.5224e-08	151658	2734227	125498	7.5485e-01	-0.02201404395652329	0.004558876858261459	1.3733719393478866e-06	4.533e-01	rs4644481	1	155158424	C	T	.
1	155135335	T	C	1:155162859:T:C	98	-2.4846e-02	4.0918e-03	1.2616e-09	159215	2781805	131965	3.9187e-02	-0.023525194471796244	0.004411556145945485	9.68006854533469e-08	5.103e-01	rs4460629	1	155162859	T	C	.
1	155135406	G	A	1:155162930:G:A	101	-2.4175e-02	3.5827e-03	1.5029e-11	219067	3004121	178917	3.8878e-02	-0.023119389479424778	0.0037913825258481275	1.0748548149680966e-09	5.104e-01	rs12752585	1	155162930	G	A	.
1	155138222	T	C	1:155165746:T:C	98	-2.4648e-02	4.0934e-03	1.7285e-09	159215	2781805	131965	3.7745e-02	-0.023174958925469794	0.004413627658866276	1.514618728086632e-07	5.104e-01	rs4971085	1	155165746	T	C	.
1	155138450	C	T	1:155165974:C:T	98	-2.4752e-02	4.0932e-03	1.4749e-09	159215	2781805	131965	3.6026e-02	-0.02329829389904775	0.004413487492417992	1.2997218315237694e-07	5.104e-01	rs11264337	1	155165974	C	T	.
1	155138557	A	G	1:155166081:A:G	101	-2.2598e-02	4.0043e-03	1.6676e-08	219067	3004121	178917	1.404e-02	-0.020872161941321757	0.004302588670245012	1.2279674495980568e-06	5.104e-01	rs11264338	1	155166081	A	G	.
1	155139509	T	C	1:155167033:T:C	92	-2.6886e-02	4.2257e-03	1.9845e-10	147235	2719715	122440	1.269e-01	-0.025701973978422017	0.0045807809794107925	2.0136087730784574e-08	5.100e-01	rs7556304	1	155167033	T	C	.
1	155140648	C	T	1:155168172:C:T	99	-2.4982e-02	4.0928e-03	1.0348e-09	161820	2790137	133950	3.5647e-02	-0.0235567862950174	0.004412926344391639	9.390873377563274e-08	5.103e-01	rs11264339	1	155168172	C	T	.
1	155142210	A	G	1:155169734:A:G	98	-2.4794e-02	4.0938e-03	1.3904e-09	159215	2781805	131965	3.1516e-02	-0.02334098568946082	0.004414134579001224	1.2380774162148137e-07	5.104e-01	rs4421576	1	155169734	A	G	.
1	155142229	G	A	1:155169753:G:A	98	-2.4859e-02	4.0936e-03	1.2578e-09	159215	2781805	131965	3.2114e-02	-0.023420336442581968	0.004414002636941887	1.1210729373823719e-07	5.104e-01	rs4276914	1	155169753	G	A	.
1	155142883	T	A	1:155170407:T:A	98	-2.4533e-02	4.0954e-03	2.0926e-09	159215	2781805	131965	2.6605e-02	-0.02304556120267815	0.0044157685607794026	1.7996543625703832e-07	4.989e-01	rs4971088	1	155170407	T	A	.
1	155142927	A	G	1:155170451:A:G	98	-2.4917e-02	4.0944e-03	1.1608e-09	159215	2781805	131965	2.9323e-02	-0.02349238923697758	0.004414552557307499	1.0287054124159238e-07	5.105e-01	rs4971089	1	155170451	A	G	.
1	155172379	G	A	1:155202588:A:G	98	-0.024378	4.1625e-03	4.7246e-09	208946	2897339	170103	1.1406e-01	0.022536905178973093	0.004460977628777589	4.3718399055927814e-07	0.5495	rs2066981	1	155202588	A	G	SwappedAlleles
1	155175390	A	G	1:155205599:G:A	97	-0.026275	4.0884e-03	1.3038e-10	157253	2770482	130357	8.9122e-02	0.024770760967994965	0.004370348084297657	1.445457319872803e-08	0.5490999999999999	rs370545	1	155205599	G	A	SwappedAlleles
1	155175892	A	G	1:155206101:G:A	98	-0.026333	4.0875e-03	1.1761e-10	159858	2778814	132341	9.4737e-02	0.02484445047994694	0.0043691796764892205	1.2982402730488679e-08	0.5489999999999999	rs914615	1	155206101	G	A	SwappedAlleles
1	155197268	T	C	1:155227477:T:C	95	-2.3387e-02	4.1825e-03	2.2498e-08	152729	2732346	126140	2.3771e-01	-0.02188649803591162	0.00422925025758781	2.278740531128665e-07	5.276e-01	rs2974929	1	155227477	T	C	.
1	155237204	G	A	1:155267413:G:A	86	-5.8112e-02	1.0638e-02	4.6894e-08	153817	2721232	127506	8.9784e-01	-0.05950195098344354	0.010644025694685956	2.2684276487471566e-08	4.684e-02	rs4971070	1	155267413	G	A	.
2	60707588	A	G	2:60480453:A:G	97	-2.5387e-02	4.3319e-03	4.6170e-09	150135	2776334	128648	1.8573e-03	-0.020504359190924578	0.004438521689887688	3.844119186630571e-06	3.668e-01	rs1123573	2	60480453	A	G	.
3	45674359	A	G	3:45632867:A:G	87	6.4608e-02	9.6210e-03	1.8774e-11	203013	2853562	166149	3.5665e-10	0.04464774029634485	0.009827149741141182	5.537898729244465e-06	4.682e-02	rs79457566	3	45632867	A	G	.
3	45798226	C	T	3:45756734:C:T	81	7.5266e-02	1.0430e-02	5.3494e-13	143972	2601287	119505	1.0792e-12	0.051390216103857196	0.010676247076387814	1.4830259122252563e-06	4.358e-02	rs17213127	3	45756734	C	T	.
3	45818880	G	C	3:45777388:G:C	80	4.1656e-02	7.3549e-03	1.4806e-08	130106	2068065	110294	1.3494e-08	0.026115625911889838	0.0075937054340095185	0.0005836193564476099	1.401e-01	rs7650511	3	45777388	G	C	.
3	45822918	T	C	3:45781426:T:C	89	-3.633e-02	4.4527e-03	3.3759e-16	145425	2672974	124465	5.9979e-04	-0.029984068451351514	0.004568974304340787	5.289947903338197e-11	5.75e-01	rs4683140	3	45781426	T	C	.
3	45828506	G	T	3:45787014:G:T	94	-3.6341e-02	6.0008e-03	1.3957e-09	157128	2771143	130300	2.2031e-01	-0.031511369648241985	0.006146331378477091	2.9461718522963744e-07	1.415e-01	rs12491927	3	45787014	G	T	.
3	45828586	T	C	3:45787094:T:C	97	-3.7050e-02	4.1973e-03	1.0730e-18	149431	2772272	128046	9.7358e-05	-0.03100602066885555	0.0042993030465179796	5.518808473166489e-13	5.648e-01	rs2531747	3	45787094	T	C	.
3	45829562	G	A	3:45788070:G:A	94	-3.4139e-02	6.0525e-03	1.6949e-08	147515	2703852	126291	6.927e-04	-0.03147121436593013	0.006463380687741455	1.1207542192047317e-06	1.565e-01	rs57126329	3	45788070	G	A	.
3	45831442	A	C	3:45789950:A:C	96	-2.4451e-02	4.4720e-03	4.5619e-08	216475	2990029	176741	3.6640e-01	-0.022218098886496222	0.0045286234101037885	9.288221941333145e-07	1.458e-01	rs12488144	3	45789950	A	C	.
3	45832559	T	C	3:45791067:T:C	85	-5.1369e-02	8.0786e-03	2.0348e-10	143998	2700095	120243	4.5961e-01	-0.048531070893118665	0.008274560442835447	4.488796053943657e-09	8.325e-02	rs55698844	3	45791067	T	C	.
3	45835417	G	A	3:45793925:G:A	79	2.0302e-01	9.4393e-03	1.3093e-102	135869	2354705	113040	9.7077e-02	0.20044858265854112	0.010654048987505738	5.76539410886462e-79	5.157e-02	rs73062389	3	45793925	G	A	.
3	45836823	AT	A	3:45795331:AT:A	64	4.5192e-02	7.1315e-03	2.3429e-10	82147	1436268	71006	1.8032e-03	0.03822956982071404	0.007487298452634277	3.291836209333052e-07	5.653e-01	NA	3	45795331	AT	A	.
3	45837099	C	T	3:45795607:C:T	94	-5.1265e-02	6.698e-03	1.9505e-14	147515	2703852	126291	3.0528e-01	-0.046263848848099164	0.0068700146539122505	1.648679540020435e-11	1.218e-01	rs76571426	3	45795607	C	T	.
3	45837886	G	C	3:45796394:G:C	91	1.0418e-01	6.1584e-03	3.4344e-64	157953	2750681	130626	7.5349e-04	0.09879338989563942	0.006317656951855272	4.032583313718524e-55	1.314e-01	rs2271615	3	45796394	G	C	.
3	45838013	G	T	3:45796521:G:T	86	1.2724e-01	6.6665e-03	3.3185e-81	145381	2620865	120145	9.8515e-05	0.12124426786356848	0.006852254331594217	4.65857635801889e-70	1.134e-01	rs2271616	3	45796521	G	T	.
3	45838178	C	T	3:45796686:C:T	86	-6.3566e-02	7.494e-03	2.2086e-17	142138	2390535	122410	3.8362e-01	-0.05752349178026723	0.007684943171105703	7.142728153831047e-14	9.688e-02	rs76896797	3	45796686	C	T	.
3	45838300	G	A	3:45796808:G:A	95	4.6804e-02	4.3407e-03	4.1543e-27	149271	2775779	128229	3.7083e-02	0.04288418146365155	0.00445157349259051	5.773547773546705e-22	5.8e-01	rs2531743	3	45796808	G	A	.
3	45839176	A	T	3:45797684:A:T	81	1.8705e-01	1.0319e-02	1.9430e-73	133434	2668654	115572	2.8212e-01	0.18314777351844572	0.011777512214523589	1.5754029436570704e-54	5.305e-02	rs73062394	3	45797684	A	T	.
3	45841938	C	T	3:45800446:C:T	93	1.1349e-01	7.4108e-03	6.1623e-53	147127	2406984	125786	3.8413e-103	0.07623416260351386	0.0076031250234996715	1.1635413780145998e-23	8.419e-02	rs35896106	3	45800446	C	T	.
3	45843242	G	A	3:45801750:G:A	93	1.2653e-01	7.6957e-03	9.565e-61	146776	2679970	125544	1.5939e-106	0.08654416473021914	0.007893853580954978	5.724979272025455e-28	7.727e-02	rs13071258	3	45801750	G	A	.
3	45843315	C	T	3:45801823:C:T	93	1.2670e-01	7.7446e-03	3.7025e-60	146776	2679970	125544	5.4778e-107	0.08606887633030429	0.007945361678132104	2.412235611669618e-27	7.523e-02	rs17763537	3	45801823	C	T	.
3	45843439	G	T	3:45801947:G:T	88	1.3245e-01	7.9078e-03	5.7976e-63	138067	2588921	118594	4.9902e-105	0.09054322527383746	0.008122139148447383	7.347563266987708e-29	7.565e-02	rs17763569	3	45801947	G	T	.
3	45844198	A	C	3:45802706:A:C	90	8.6448e-02	7.8501e-03	3.3319e-28	139725	2634536	119508	1.2445e-14	0.07891991608980285	0.00792249598286043	2.246552350121577e-23	7.761e-02	rs34668658	3	45802706	A	C	.
3	45845748	A	C	3:45804256:A:C	97	8.4893e-02	6.7329e-03	1.8927e-36	148712	2708460	127182	8.1562e-92	0.05331729393126549	0.006904300202864526	1.1422099335388164e-14	1.006e-01	rs17078346	3	45804256	A	C	.
3	45846769	A	G	3:45805277:A:G	95	1.3263e-01	7.5750e-03	1.2338e-68	156533	2686407	129293	1.4447e-112	0.0940695033555906	0.007765050194745853	8.852960527258183e-34	7.763e-02	rs17763742	3	45805277	A	G	.
3	45847241	A	G	3:45805749:A:G	96	8.4966e-02	6.7412e-03	2.0077e-36	148438	2708108	127028	3.5807e-93	0.05326951093423091	0.006911923230083797	1.2890930206088238e-14	1.008e-01	rs17078348	3	45805749	A	G	.
3	45848760	G	C	3:45807268:G:C	88	1.3081e-01	7.8607e-03	3.5008e-62	203819	2524282	166216	4.2990e-99	0.09771618161126905	0.008015458334579456	3.4727931433994458e-34	7.999e-02	rs17712877	3	45807268	G	C	.
3	45849270	T	G	3:45807778:T:G	95	-6.3902e-02	8.9818e-03	1.1221e-12	147982	2707126	126717	3.7954e-03	-0.05779832927672742	0.009237211412408368	3.92154665135874e-10	5.700e-02	rs9843503	3	45807778	T	G	.
3	45850783	T	A	3:45809291:T:A	94	1.1921e-01	7.2697e-03	1.9651e-60	142118	2595161	120965	1.6524e-104	0.08364244628447909	0.007459523937034602	3.526931128090811e-29	9.306e-02	rs72893671	3	45809291	T	A	.
3	45859651	G	A	3:45818159:G:A	95	1.3337e-01	7.4965e-03	8.3868e-71	157669	2753489	130538	1.0822e-114	0.09456227770177442	0.007677981701856476	7.425800529364113e-35	7.650e-02	rs17713054	3	45818159	G	A	.
3	45860784	C	T	3:45819292:C:T	17	3.9793e-02	6.7789e-03	4.3553e-09	100379	417204	78749	6.5798e-01	-0.13413349562801433	0.13391741736580004	0.3165302892236238	2.209e-03	rs570060885	3	45819292	C	T	.
3	45861932	G	A	3:45820440:G:A	95	1.3312e-01	7.4975e-03	1.5508e-70	157669	2753489	130538	2.8949e-114	0.09440821425287628	0.0076788494120326	9.68610959632287e-35	7.643e-02	rs13078854	3	45820440	G	A	.
3	45862952	T	C	3:45821460:T:C	95	1.3306e-01	7.4896e-03	1.2869e-70	157669	2753489	130538	6.5646e-114	0.09451531532161037	0.007670612470703206	6.918265484633331e-35	7.659e-02	rs71325088	3	45821460	T	C	.
3	45864732	T	C	3:45823240:T:C	95	1.3267e-01	7.4937e-03	3.906e-70	157669	2753489	130538	5.7617e-114	0.09399662798974492	0.0076751528459995545	1.7459747854005664e-34	7.654e-02	rs10490770	3	45823240	T	C	.
3	45867440	A	G	3:45825948:A:G	94	1.2855e-01	7.564e-03	9.0248e-65	148368	2748034	127099	4.3149e-111	0.08890600199032413	0.007750894949330686	1.8576062731288827e-30	7.659e-02	rs35624553	3	45825948	A	G	.
3	45871908	G	A	3:45830416:G:A	95	1.3273e-01	7.4891e-03	2.7951e-70	157669	2753489	130538	2.3708e-114	0.09413021281085832	0.007670007019147559	1.272516916774344e-34	7.662e-02	rs67959919	3	45830416	G	A	.
3	45873235	C	A	3:45831743:C:A	37	-1.3812e-01	1.0126e-02	2.3039e-42	139696	1731128	115344	4.4356e-01	0.029697301503100355	0.05128886776600914	0.5625753981613285	3.829e-03	rs181879349	3	45831743	C	A	.
3	45876459	G	GA	3:45834967:G:GA	74	1.4656e-01	8.3600e-03	8.3082e-69	117257	2414919	97636	3.9373e-112	0.09856255687428399	0.008625788736700562	3.0829337296279176e-30	8.023e-02	rs11385942	3	45834967	G	GA	.
3	45880253	G	A	3:45838761:G:A	42	6.9899e-02	1.2412e-02	1.7872e-08	133784	1221560	108984	4.1213e-01	0.12802756159930292	0.06546427553208653	0.050502164957246555	2.256e-03	rs183181974	3	45838761	G	A	.
3	45880481	T	C	3:45838989:T:C	94	1.3396e-01	7.51e-03	3.6212e-71	157529	2750654	130404	1.2357e-113	0.09516932711575364	0.007692852336636712	3.744843560311819e-35	7.664e-02	rs35508621	3	45838989	T	C	.
3	45888690	A	G	3:45847198:A:G	94	1.342e-01	7.5154e-03	2.5738e-71	157529	2750654	130404	1.6281e-114	0.09525105779088261	0.0076984299253890906	3.6685280553002977e-35	7.661e-02	rs34288077	3	45847198	A	G	.
3	45888956	T	G	3:45847464:T:G	96	2.8441e-02	4.3427e-03	5.7817e-11	148975	2771290	127735	4.0081e-04	0.023568945378067654	0.00444660159161567	1.1552386492663976e-07	6.179e-01	rs11712469	3	45847464	T	G	.
3	45889921	A	T	3:45848429:A:T	92	9.5535e-02	7.6938e-03	2.1068e-35	153083	2713552	126353	3.2971e-17	0.08830927755483639	0.007760484793988897	5.299284113748464e-30	8.385e-02	rs35081325	3	45848429	A	T	.
3	45889949	C	T	3:45848457:C:T	96	1.3138e-01	7.4247e-03	4.5798e-70	158109	2754825	130869	2.6358e-112	0.0932735478484303	0.007606678921959275	1.4477337272172085e-34	7.835e-02	rs35731912	3	45848457	C	T	.
3	45897448	C	G	3:45855956:C:G	95	2.7985e-02	4.3521e-03	1.2747e-10	148403	2767854	127245	1.0960e-03	0.022970733890176932	0.004456945637411108	2.5509905500610993e-07	5.974e-01	rs2129880	3	45855956	C	G	.
3	45899651	A	G	3:45858159:A:G	93	1.3438e-01	7.5308e-03	3.1979e-71	155096	2747337	129001	1.3183e-114	0.09534287087196515	0.00771530361679177	4.4302394766432533e-35	7.682e-02	rs34326463	3	45858159	A	G	.
3	45900634	G	C	3:45859142:G:C	92	1.3311e-01	8.6687e-03	3.2436e-53	148126	2749862	127393	5.1654e-81	0.09558805301489559	0.008865562167180846	4.1890716588820975e-27	6.669e-02	rs76374459	3	45859142	G	C	.
3	45901089	C	T	3:45859597:C:T	93	1.3443e-01	7.5307e-03	2.8513e-71	155096	2747337	129001	6.9787e-116	0.09520250810537198	0.00771456414307303	5.473246824692029e-35	7.687e-02	rs73064425	3	45859597	C	T	.
3	45905784	G	A	3:45864292:G:A	95	2.8555e-02	4.3493e-03	5.1897e-11	148403	2767854	127245	7.709e-04	0.023623868198775037	0.004454448039508072	1.1364472084096165e-07	6.156e-01	rs9855780	3	45864292	G	A	.
3	45908116	A	T	3:45866624:A:T	96	6.6471e-02	5.0054e-03	3.021e-40	214948	2969653	175952	1.6442e-140	0.04832240363384463	0.005058228470935053	1.257183178133314e-21	8.397e-02	rs13081482	3	45866624	A	T	.
3	45908514	C	G	3:45867022:C:G	93	6.4172e-02	6.8282e-03	5.5555e-21	207897	2924219	169917	8.8169e-27	0.05804801230403455	0.0068748394695073945	3.078573553388818e-17	8.231e-02	rs35652899	3	45867022	C	G	.
3	45908859	G	A	3:45867367:G:A	74	1.1033e-01	1.4131e-02	5.8353e-15	147714	2568348	125110	1.1385e-20	0.07463353207690158	0.014448721158994607	2.39915703954961e-07	2.870e-02	rs75826707	3	45867367	G	A	.
3	45909024	A	G	3:45867532:A:G	93	1.3537e-01	7.5490e-03	6.5644e-72	155096	2747337	129001	6.5966e-115	0.09610986881381171	0.00773519571219953	1.9120723438811767e-35	7.729e-02	rs35044562	3	45867532	A	G	.
3	45909528	C	T	3:45868036:C:T	93	9.2779e-02	7.3382e-03	1.2185e-36	149547	2707289	124100	1.3950e-28	0.08483870691684013	0.007388032624786716	1.6012500178754055e-30	8.692e-02	rs73064431	3	45868036	C	T	.
3	45909644	C	A	3:45868152:C:A	91	1.2171e-01	7.6793e-03	1.4177e-56	154631	2746872	128776	1.0334e-93	0.08723963531879196	0.007851976641116707	1.114936619631728e-28	8.021e-02	rs13092887	3	45868152	C	A	.
3	45910870	G	A	3:45869378:G:A	99	4.1192e-02	5.2472e-03	4.1526e-15	209531	2997668	175289	1.6904e-40	0.024060045633674948	0.005369870789710514	7.444631881453793e-06	1.951e-01	rs2191031	3	45869378	G	A	.
3	45914585	CTT	C	3:45873093:CTT:C	71	9.6228e-02	7.5816e-03	6.5172e-37	105083	2404811	92463	9.9696e-64	0.061462068824207405	0.007823227656483349	3.954671026317932e-15	1.175e-01	rs35482426	3	45873093	CTT	C	.
3	45916222	C	T	3:45874730:C:T	96	3.8220e-02	4.7096e-03	4.8419e-16	149851	2780367	128918	6.9115e-24	0.024037577463596558	0.0048244651290091116	6.278951962942423e-07	2.699e-01	rs12639224	3	45874730	C	T	.
3	45916547	TA	T	3:45875055:TA:T	75	5.4552e-02	6.1285e-03	5.5117e-19	108996	2435636	95193	5.4207e-41	0.02947248489202511	0.006327248751077389	3.1925695231538235e-06	1.985e-01	rs35605052	3	45875055	TA	T	.
3	45916786	G	A	3:45875294:G:A	93	8.4454e-02	6.5971e-03	1.6037e-37	145935	2744717	125696	1.1515e-60	0.058046870428651594	0.0067551767411532255	8.47672205531133e-18	1.158e-01	rs34901975	3	45875294	G	A	.
3	45918215	G	A	3:45876723:G:A	93	8.4363e-02	6.5920e-03	1.6888e-37	145935	2744717	125696	7.4914e-61	0.05794756775042927	0.0067498185661241635	9.079249890289111e-18	1.159e-01	rs17764831	3	45876723	G	A	.
3	45920298	T	C	3:45878806:T:C	93	8.376e-02	6.5858e-03	4.6776e-37	145935	2744717	125696	2.3831e-61	0.05731188091654736	0.006742910297114566	1.9028386280265883e-17	1.159e-01	rs34518147	3	45878806	T	C	.
3	45921043	T	C	3:45879551:T:C	97	2.5611e-02	4.3495e-03	3.9038e-09	150025	2775640	128562	4.4137e-22	0.01319022748459783	0.004451793402280104	0.0030475359854698052	3.908e-01	rs9852270	3	45879551	T	C	.
3	45923085	A	C	3:45881593:A:C	100	2.6641e-02	4.3215e-03	7.0573e-10	209877	2997956	175514	1.8904e-22	0.014454910924352676	0.004421757260768409	0.0010791221961355423	3.907e-01	rs1860264	3	45881593	A	C	.
3	45926043	C	T	3:45884551:C:T	97	7.1994e-02	5.8937e-03	2.569e-34	212923	2965492	174432	4.1168e-56	0.051038414388691236	0.0060307251381272265	2.6044210557761133e-17	1.452e-01	rs74586549	3	45884551	C	T	.
3	45926495	T	TC	3:45885003:T:TC	73	3.1193e-02	5.1701e-03	1.6061e-09	104045	2340180	90486	5.9079e-23	0.01373080563427823	0.005344681673087264	0.010197492430995676	3.751e-01	rs11386842	3	45885003	T	TC	.
3	45927759	T	C	3:45886267:T:C	90	4.9327e-02	6.0249e-03	2.6747e-16	148127	2703838	123044	1.3453e-08	0.04614059170047229	0.006070031214389954	2.9299765242932837e-14	1.472e-01	rs7653372	3	45886267	T	C	.
3	45928769	G	A	3:45887277:G:A	92	8.5619e-02	6.5281e-03	2.6867e-39	155089	2474950	128991	4.8458e-63	0.05997202686766423	0.006681083591444985	2.797905952253066e-19	1.154e-01	rs34338823	3	45887277	G	A	.
3	45929559	G	T	3:45888067:G:T	88	3.5364e-02	5.6255e-03	3.2484e-10	133508	2622172	114910	7.9843e-03	0.02860545181139457	0.005777197007279399	7.366584407329328e-07	7.852e-01	rs6806802	3	45888067	G	T	.
3	45930796	TA	T	3:45889304:TA:T	66	1.0197e-01	7.9847e-03	2.3904e-37	94730	1798669	82598	7.9080e-61	0.06416403128913413	0.008272999876268373	8.776329671724904e-15	1.181e-01	NA	3	45889304	TA	T	.
3	45932407	G	A	3:45890915:G:A	94	8.6281e-02	6.5232e-03	6.1538e-40	155236	2750172	129134	1.1647e-62	0.060658911362209786	0.0066758836972393085	1.0249082740728243e-19	1.159e-01	rs71325091	3	45890915	G	A	.
3	45936945	G	C	3:45895453:G:C	96	6.8055e-02	5.8417e-03	2.2971e-31	170368	2791491	140240	3.7472e-56	0.04749109269711718	0.005975679670923495	1.90472796162144e-15	1.516e-01	rs6782814	3	45895453	G	C	.
3	45937833	G	T	3:45896341:G:T	98	4.2886e-02	5.191e-03	1.4366e-16	159149	2780997	131865	4.8288e-40	0.026038387797717482	0.005309159059678963	9.370003197335697e-07	1.937e-01	rs3774641	3	45896341	G	T	.
3	45938277	C	T	3:45896785:C:T	31	7.2437e-02	1.2518e-02	7.1840e-09	131522	1502701	108306	3.6822e-01	-0.017927422853162848	0.06112903396056664	0.7693143939117775	4.908e-03	rs185066682	3	45896785	C	T	.
3	45939016	G	A	3:45897524:G:A	96	8.7036e-02	6.4771e-03	3.6483e-41	214897	2972375	176015	5.6762e-63	0.06172708976639006	0.0066257349969763854	1.2051012030704383e-20	1.128e-01	rs17764980	3	45897524	G	A	.
3	45939802	G	A	3:45898310:G:A	94	8.6621e-02	6.5363e-03	4.3734e-40	155236	2750172	129134	2.3466e-62	0.060890658090023524	0.006689492149194249	8.833000819921624e-20	1.128e-01	rs17714101	3	45898310	G	A	.
3	45940636	A	C	3:45899144:A:C	97	3.0309e-02	4.5207e-03	2.0217e-11	157557	2712933	130309	2.7249e-25	0.017895112618892168	0.004625272128683357	0.00010928896427769406	2.998e-01	rs1985463	3	45899144	A	C	.
3	45945132	A	C	3:45903640:A:C	94	8.6662e-02	6.5362e-03	4.0126e-40	155236	2750172	129134	4.5613e-62	0.06102510264970766	0.006689468814939438	7.336810675647354e-20	1.128e-01	rs17714228	3	45903640	A	C	.
3	45945287	T	A	3:45903795:T:A	97	3.0301e-02	4.5192e-03	2.0157e-11	157557	2712933	130309	3.4556e-25	0.01789419846785728	0.004623700947287355	0.00010878942315930444	3.001e-01	rs875890	3	45903795	T	A	.
3	45947018	A	G	3:45905526:A:G	97	7.4925e-02	5.8749e-03	2.9875e-37	215088	2972488	176086	6.7676e-64	0.05398409392892685	0.005985445552678246	1.8942061122770672e-19	1.129e-01	rs71325092	3	45905526	A	G	.
3	45949753	A	G	3:45908261:A:G	99	2.7872e-02	4.0647e-03	7.0318e-12	208108	2929794	173822	3.8929e-25	0.01788809116486889	0.004140103233308945	1.5554401503952275e-05	3.015e-01	rs34847985	3	45908261	A	G	.
3	45951647	G	A	3:45910155:G:A	95	8.0515e-02	6.3936e-03	2.3077e-36	169795	2790942	139892	1.0289e-56	0.05654013867431031	0.006541197547902282	5.442210145641816e-18	1.202e-01	rs35280891	3	45910155	G	A	.
3	45954339	C	T	3:45912847:C:T	94	8.1801e-02	6.4719e-03	1.2793e-36	155236	2750172	129134	1.303e-56	0.057853817663539746	0.00662117863946175	2.379217331568291e-18	1.140e-01	rs34068335	3	45912847	C	T	.
3	45954352	A	G	3:45912860:A:G	91	3.5137e-02	5.1472e-03	8.6994e-12	154132	2743148	128315	2.1715e-04	0.028234561993286666	0.005273478579444767	8.599859978080514e-08	7.685e-01	rs9810934	3	45912860	A	G	.
3	45957689	C	T	3:45916197:C:T	94	2.7386e-02	4.281e-03	1.5835e-10	213984	2965464	175266	7.3939e-05	0.022466993835257	0.004353393948039262	2.4589726821002673e-07	7.665e-01	rs1488373	3	45916197	C	T	.
3	45959515	A	T	3:45918023:A:T	89	3.3277e-02	5.1975e-03	1.5281e-10	144469	2737391	124711	8.3495e-05	0.026011528027629013	0.005327498445590563	1.047475569820215e-06	7.073e-01	rs7130	3	45918023	A	T	.
3	45960700	C	T	3:45919208:C:T	96	8.0004e-02	6.4315e-03	1.5949e-35	169986	2791055	139963	6.6069e-57	0.05612472881037602	0.0065784821492704745	1.443847057701647e-17	1.143e-01	rs1994493	3	45919208	C	T	.
3	45979877	G	A	3:45938385:G:A	97	3.2404e-02	4.7384e-03	7.9942e-12	158210	2775937	131073	2.7351e-06	0.026351876743036705	0.004851597028422522	5.585472493264527e-08	7.284e-01	rs9875616	3	45938385	G	A	.
3	46250348	T	C	3:46208857:T:C	98	2.6304e-02	4.8018e-03	4.3045e-08	161585	2789139	133760	6.4069e-05	0.02146565326892483	0.004917029915956511	1.267899216664878e-05	7.387e-01	rs1491961	3	46208857	T	C	.
3	46279150	C	T	3:46237659:C:T	91	7.833e-02	9.9697e-03	3.9405e-15	213774	2953106	175073	1.3363e-25	0.05160060737094118	0.010198042045137735	4.195768607241395e-07	5.193e-02	rs78919248	3	46237659	C	T	.
3	46297271	T	G	3:46255780:T:G	102	2.407e-02	4.0036e-03	1.8319e-09	219236	3004311	179007	4.3920e-05	0.019355849343692933	0.004082872580483591	2.1293596184604396e-06	3.613e-01	rs12715417	3	46255780	T	G	.
3	46385638	G	A	3:46344147:G:A	100	-3.0289e-02	4.1739e-03	3.9671e-13	171701	2819561	141481	1.0645e-07	-0.024650440100367873	0.0042710488750809	7.856005861203515e-09	5.830e-01	rs62242985	3	46344147	G	A	.
3	46389699	G	A	3:46348208:G:A	90	6.4714e-02	1.0714e-02	1.5383e-09	214036	2953375	175237	6.821e-01	0.06318044447007692	0.010728179350018791	3.880584932799057e-09	3.870e-02	rs149125253	3	46348208	G	A	.
3	101419419	C	T	3:101700575:C:T	35	5.5434e-02	6.9322e-03	1.2788e-15	128668	1624767	105524	5.4739e-01	0.060372443899788505	0.030590522087787366	0.04843100290979192	1.721e-02	rs190560770	3	101700575	C	T	.
3	101500748	C	G	3:101781904:C:G	101	-4.7402e-02	3.8644e-03	1.3705e-34	219001	3003313	178816	4.6172e-01	-0.04325310554205461	0.0040775974769215895	2.750159785131436e-26	3.455e-01	rs11711903	3	101781904	C	G	.
4	103188709	C	T	4:102267552:C:T	86	4.8611e-02	8.5223e-03	1.1702e-08	152083	2396821	126383	2.3697e-02	0.04224457903110165	0.008744749694612164	1.3595101283376464e-06	5.551e-02	rs13107325	4	102267552	C	T	.
6	31086884	A	G	6:31119107:A:G	102	-2.5433e-02	4.6238e-03	3.7886e-08	219457	3004295	179128	3.4519e-01	-0.02184283842809895	0.004725304419330378	3.790968687285634e-06	7.304e-01	rs3132548	6	31119107	A	G	.
6	31101583	G	A	6:31133806:G:A	99	3.8756e-02	6.9858e-03	2.8918e-08	159605	2781979	132176	9.0314e-02	0.03782224129285736	0.006991479498113389	6.3108502182572e-08	9.177e-02	rs4294047	6	31133806	G	A	.
6	31112484	C	T	6:31144707:C:T	98	4.0572e-02	7.2992e-03	2.7228e-08	166383	2723430	135864	3.7783e-01	0.03973053874969416	0.007305205775996944	5.368244540015274e-08	8.725e-02	rs130072	6	31144707	C	T	.
6	31116133	A	C	6:31148356:A:C	98	3.9839e-02	7.2816e-03	4.4705e-08	157549	2769976	130421	3.2990e-01	0.039002034602554005	0.007287567578585802	8.705519113104463e-08	8.649e-02	rs17197031	6	31148356	A	C	.
6	31117695	G	A	6:31149918:G:A	98	3.9932e-02	7.2698e-03	3.9556e-08	157549	2769976	130421	3.4695e-01	0.03909678336067757	0.007275801260293553	7.720718405418657e-08	8.658e-02	rs113932411	6	31149918	G	A	.
6	31119445	C	T	6:31151668:C:T	98	4.0147e-02	7.2749e-03	3.4162e-08	157549	2769976	130421	3.4660e-01	0.03931264570753087	0.007280774843141289	6.682166907122548e-08	8.655e-02	rs72863043	6	31151668	C	T	.
6	31121232	T	C	6:31153455:T:C	98	3.9962e-02	7.2757e-03	3.9629e-08	157549	2769976	130421	3.2179e-01	0.03912648962285277	0.007281634180368964	7.73035575330741e-08	8.653e-02	rs111837807	6	31153455	T	C	.
6	31121426	G	A	6:31153649:G:A	98	3.9986e-02	7.2751e-03	3.8782e-08	157549	2769976	130421	3.306e-01	0.039151143296152664	0.007281029515414042	7.567669764599715e-08	8.653e-02	rs143334143	6	31153649	G	A	.
6	31121958	C	G	6:31154181:C:G	100	4.0263e-02	7.2614e-03	2.9428e-08	172299	2810859	141250	3.6737e-01	0.039431301513685665	0.0072673210867743795	5.768349964254026e-08	9.014e-02	rs72856713	6	31154181	C	G	.
6	31125257	C	A	6:31157480:C:A	98	3.9641e-02	7.2564e-03	4.6837e-08	157549	2769976	130421	3.7615e-01	0.03880829262312588	0.00726227160320127	9.10065345143367e-08	8.689e-02	rs72856718	6	31157480	C	A	.
6	31126697	C	A	6:31158920:C:A	99	4.0039e-02	7.2561e-03	3.4302e-08	160154	2778308	132405	3.5328e-01	0.039214903436873116	0.007262075543096488	6.665647441832172e-08	8.688e-02	rs17197108	6	31158920	C	A	.
6	31127694	A	G	6:31159917:A:G	98	4.0213e-02	7.2379e-03	2.7630e-08	169254	2801191	138935	3.5301e-01	0.039392840163057274	0.00724379382058761	5.3836525430354966e-08	8.682e-02	rs74633760	6	31159917	A	G	.
6	31130865	G	A	6:31163088:G:A	98	4.0003e-02	7.2554e-03	3.5158e-08	157549	2769976	130421	3.5837e-01	0.03917924328028268	0.007261273296491525	6.827833314523658e-08	8.686e-02	rs17190776	6	31163088	G	A	.
6	31131209	A	G	6:31163432:A:G	98	3.9825e-02	7.2559e-03	4.0523e-08	157549	2769976	130421	3.4909e-01	0.039000535338182304	0.0072618545546167595	7.847394721979061e-08	8.687e-02	rs17190783	6	31163432	A	G	.
6	31131276	A	T	6:31163499:A:T	98	3.9903e-02	7.2564e-03	3.8187e-08	157549	2769976	130421	3.5389e-01	0.039078873139499065	0.007262316940860804	7.405360835802805e-08	9.054e-02	rs17190798	6	31163499	A	T	.
6	31131837	A	T	6:31164060:A:T	101	3.5946e-02	6.3439e-03	1.4600e-08	217401	2992292	177373	3.2092e-01	0.035310997060829775	0.00634786463561666	2.6569698693361466e-08	9.054e-02	rs17190811	6	31164060	A	T	.
6	31133870	G	A	6:31166093:G:A	101	4.0839e-02	7.1149e-03	9.4742e-09	217401	2992292	177373	4.3448e-01	0.040047632800997796	0.007120550587915007	1.8633443258594577e-08	8.688e-02	rs72856736	6	31166093	G	A	.
6	31134323	C	T	6:31166546:C:T	98	4.0006e-02	7.2573e-03	3.538e-08	157549	2769976	130421	3.1749e-01	0.039181176235483756	0.007263208741895492	6.872534001979753e-08	8.687e-02	rs151095308	6	31166546	C	T	.
6	31134625	A	G	6:31166848:A:G	98	4.0096e-02	7.2570e-03	3.2921e-08	157549	2769976	130421	3.5122e-01	0.0392723665644201	0.0072629581778206375	6.401277000396626e-08	8.688e-02	rs72856737	6	31166848	A	G	.
6	31135167	T	TAA	6:31167390:T:TAA	29	5.7442e-02	1.0473e-02	4.1441e-08	69631	1659896	63238	3.9562e-01	0.05975454545698229	0.012620307899772407	2.1927878601262985e-06	9.243e-02	rs145024548	6	31167390	T	TAA	.
6	31135466	CAG	C	6:31167689:CAG:C	74	4.5958e-02	8.3989e-03	4.4532e-08	115983	2428382	96703	3.2672e-01	0.04453957308468523	0.009401145054905805	2.16183786277398e-06	8.731e-02	rs149090708	6	31167689	CAG	C	.
6	31141671	C	T	6:31173894:C:T	98	3.9606e-02	7.2564e-03	4.8115e-08	157549	2769976	130421	3.5611e-01	0.038777119030501954	0.007262304775961458	9.320024881617357e-08	8.726e-02	rs72856757	6	31173894	C	T	.
6	31146340	C	T	6:31178563:C:T	98	4.0611e-02	7.2365e-03	2.0006e-08	157549	2769976	130421	3.9844e-01	0.03978509707923887	0.007242393967181249	3.943516561026374e-08	8.729e-02	rs17197276	6	31178563	C	T	.
6	31164689	C	T	6:31196912:C:T	97	4.1428e-02	7.2577e-03	1.1420e-08	157187	2769674	130256	2.813e-01	0.04059863177972827	0.007263646323667867	2.2799882178491704e-08	8.694e-02	rs142031128	6	31196912	C	T	.
6	31178540	T	G	6:31210763:T:G	97	3.9689e-02	7.2609e-03	4.6008e-08	156761	2766278	129771	3.5133e-01	0.03885789180367368	0.0072668276161228194	8.927702666911658e-08	8.729e-02	rs17197686	6	31210763	T	G	.
6	31182682	C	A	6:31214905:C:A	98	4.1118e-02	7.2344e-03	1.3186e-08	157549	2769976	130421	3.4507e-01	0.04029486630324019	0.007240272723044197	2.6158230370688804e-08	8.737e-02	rs72863820	6	31214905	C	A	.
6	31241215	A	G	6:31273438:A:G	99	3.3796e-02	6.1125e-03	3.22e-08	216173	2987258	176392	1.0583e-01	0.03308964666309797	0.006116391046516506	6.302641183162507e-08	1.109e-01	rs58019823	6	31273438	A	G	.
6	31243313	G	A	6:31275536:G:A	101	3.5221e-02	6.2718e-03	1.9565e-08	217401	2992292	177373	1.1993e-01	0.03449260972541541	0.006275928977847004	3.8846599887982654e-08	1.106e-01	rs112149677	6	31275536	G	A	.
6	31253444	C	T	6:31285667:C:T	98	3.5279e-02	6.3688e-03	3.0372e-08	157549	2769976	130421	7.955e-02	0.034265152971408176	0.006374891283067033	7.657519347591653e-08	1.115e-01	rs9461684	6	31285667	C	T	.
6	41480093	G	A	6:41512355:G:A	74	8.7772e-02	1.1939e-02	1.9591e-13	114699	2359637	94675	5.0162e-06	0.07412985806290089	0.012252463670747647	1.446659496508041e-09	4.185e-02	rs2894439	6	41512355	G	A	.
6	41482745	A	C	6:41515007:A:C	73	-6.509e-02	9.9492e-03	6.0610e-11	117684	2050066	99611	8.3665e-06	-0.051147943450727484	0.010171498139126435	4.9418834668796e-07	9.383e-01	rs2496644	6	41515007	A	C	.
6	41483390	G	C	6:41515652:G:C	69	8.9696e-02	1.1718e-02	1.9361e-14	105246	2303207	86838	4.3915e-06	0.08026003942196575	0.011857760136937345	1.3006449930388922e-11	4.673e-02	rs9367106	6	41515652	G	C	.
6	41488378	G	A	6:41520640:G:A	87	8.2014e-02	1.0567e-02	8.3852e-15	188036	2733352	153345	3.8664e-05	0.07371010153292498	0.010701670109462805	5.669387014711608e-12	4.064e-02	rs12660421	6	41520640	G	A	.
6	41489854	T	C	6:41522116:T:C	65	-6.927e-02	1.0191e-02	1.0684e-11	125407	2019017	104949	4.4723e-04	-0.0556421252051203	0.010430403392796802	9.575058609515019e-08	9.389e-01	rs1977358	6	41522116	T	C	.
6	41490052	G	A	6:41522314:G:A	64	-6.8226e-02	1.0215e-02	2.4047e-11	113262	1986466	96104	6.1094e-04	-0.05460306650804022	0.010455578030783133	1.7663209876957234e-07	9.389e-01	rs1977357	6	41522314	G	A	.
6	41490382	G	C	6:41522644:G:C	87	8.6439e-02	1.0481e-02	1.6248e-16	148923	2593303	122454	1.8137e-05	0.07495488225732136	0.010703585179073745	2.5092768141491988e-12	4.448e-02	rs41435745	6	41522644	G	C	.
6	41493412	G	A	6:41525674:G:A	79	6.5703e-02	1.1603e-02	1.4896e-08	129753	2015823	105789	4.9512e-03	0.06287928106850493	0.011624293604785724	6.327187900651663e-08	3.537e-02	rs7741164	6	41525674	G	A	.
6	41501834	G	A	6:41534096:G:A	87	8.6011e-02	1.0845e-02	2.1718e-15	148923	2593303	122454	5.2008e-04	0.07621360526867797	0.011068411948865894	5.750986103438573e-12	3.829e-02	rs12175265	6	41534096	G	A	.
6	41502683	A	C	6:41534945:A:C	88	6.9936e-02	9.7711e-03	8.2232e-13	154095	2679994	127399	4.8461e-03	0.06321582220821244	0.009952241964511034	2.126470466973528e-10	4.518e-02	rs1886814	6	41534945	A	C	.
6	41503561	G	A	6:41535823:G:A	88	8.7013e-02	1.1657e-02	8.3548e-14	194025	2774736	158577	8.8163e-03	0.08198959370188638	0.01202641616079585	9.266512658632624e-12	3.413e-02	rs4714474	6	41535823	G	A	.
6	41505196	T	A	6:41537458:T:A	87	6.8857e-02	9.7326e-03	1.4951e-12	144822	2675152	124029	5.5429e-03	0.06149015661151637	0.009949357487245515	6.397409753260988e-10	5.134e-02	rs9381074	6	41537458	T	A	.
9	136149500	T	C	9:133274084:C:T	99	0.083638	4.2164e-03	1.4434e-87	161914	2790817	134097	4.8716e-04	-0.08096379700297293	0.00468122265782517	5.09144139107849e-67	0.35040000000000004	rs529565	9	133274084	C	T	SwappedAlleles
9	136246666	C	T	9:133379795:C:T	98	4.3526e-02	6.9849e-03	4.6218e-10	160162	2721265	132294	5.2630e-02	0.042719887231201584	0.0069883377791693365	9.775972621951984e-10	9.235e-02	rs28602591	9	133379795	C	T	.
9	136296530	C	T	9:133431409:C:T	80	8.2189e-02	1.0896e-02	4.6045e-14	125931	2525801	108559	4.5186e-01	0.07297994224713243	0.011699533145486444	4.436234465076735e-10	5.026e-02	rs149181677	9	133431409	C	T	.
10	81723695	C	T	10:79963939:C:T	97	3.4485e-02	6.2065e-03	2.7563e-08	153993	2693952	126900	3.2668e-01	0.031423978115219464	0.006352844698413027	7.558221676512426e-07	1.123e-01	rs61860402	10	79963939	C	T	.
11	34454147	A	G	11:34432600:A:G	98	2.2698e-02	4.0708e-03	2.4646e-08	158843	2777017	131520	5.1795e-02	0.019068054606751966	0.004166285748849636	4.722518465817411e-06	5.019e-01	rs7118388	11	34432600	A	G	.
11	34500687	G	A	11:34479140:G:A	98	-2.5e-02	4.2406e-03	3.7388e-09	161696	2788429	133795	1.2235e-04	-0.019696815995929255	0.004342095480706355	5.726421046644761e-06	3.476e-01	rs1323690	11	34479140	G	A	.
11	34502042	C	T	11:34480495:C:T	100	-2.1546e-02	3.6945e-03	5.4795e-09	218943	3002413	178762	3.4390e-04	-0.017461167315839573	0.003762161985906284	3.4629312849038154e-06	3.562e-01	rs7949972	11	34480495	C	T	.
11	34504292	G	A	11:34482745:G:A	97	-2.4727e-02	4.2437e-03	5.6496e-09	161527	2788239	133705	6.1678e-05	-0.019368946375271312	0.00434515217665914	8.288272864290039e-06	3.472e-01	rs61882275	11	34482745	G	A	.
12	113348870	G	A	12:112911065:G:A	92	2.3704e-02	4.2812e-03	3.0827e-08	153586	2680308	127182	6.3824e-03	0.02183483594551918	0.004317911860600399	4.2633999021757614e-07	5.799e-01	rs1131454	12	112911065	G	A	.
12	113350796	G	T	12:112912991:G:T	94	2.7421e-02	4.5066e-03	1.1667e-09	155997	2707225	129200	1.1418e-03	0.025612389576427006	0.004546504917861589	1.7666646916975652e-08	6.905e-01	rs2057778	12	112912991	G	T	.
12	113352159	T	C	12:112914354:T:C	96	2.6172e-02	4.4166e-03	3.1060e-09	162385	2747713	137383	5.5739e-03	0.024317373538353754	0.00445495088999563	4.801592344387217e-08	6.705e-01	rs4767023	12	112914354	T	C	.
12	113357193	G	A	12:112919388:G:A	96	2.721e-02	4.3367e-03	3.5116e-10	194329	2956327	164232	7.5247e-03	0.02532936656193937	0.004373236059232813	6.959262270354349e-09	6.640e-01	rs10774671	12	112919388	G	A	.
12	113357209	G	A	12:112919404:G:A	95	2.7937e-02	4.415e-03	2.4881e-10	158348	2780677	131540	2.5523e-04	0.02537023506358796	0.004517479542682838	1.9541115662726505e-08	6.942e-01	rs1131476	12	112919404	G	A	.
12	113357442	G	A	12:112919637:G:A	96	2.8192e-02	4.4183e-03	1.7625e-10	158622	2781029	131694	2.5030e-04	0.025624848469900555	0.004522429203324329	1.460254460410635e-08	6.938e-01	rs2660	12	112919637	G	A	.
12	113358106	A	G	12:112920301:A:G	97	2.81e-02	4.4479e-03	2.6576e-10	158984	2781331	131859	1.3914e-04	0.028616891409816048	0.004451348069601792	1.2860287336651496e-10	6.916e-01	rs7135577	12	112920301	A	G	.
12	113358791	T	C	12:112920986:T:C	98	2.8275e-02	4.4474e-03	2.049e-10	161589	2789663	133844	2.1475e-04	0.02646106937564992	0.004486607858599759	3.684032071766743e-09	6.91e-01	rs4767024	12	112920986	T	C	.
12	113358794	C	T	12:112920989:C:T	99	2.8579e-02	4.4441e-03	1.2698e-10	161758	2789853	133933	1.5136e-04	0.02604153392675513	0.004549843464304902	1.042834015725394e-08	6.908e-01	rs4767025	12	112920989	C	T	.
12	113359132	A	G	12:112921327:A:G	98	2.8112e-02	4.4418e-03	2.4697e-10	159153	2781521	131949	1.6099e-04	0.026351049021992902	0.004480693059061729	4.0774394846897035e-09	6.909e-01	rs4767026	12	112921327	A	G	.
12	113359157	T	C	12:112921352:T:C	93	2.5779e-02	4.5538e-03	1.5047e-08	151493	2734561	125493	4.5138e-04	0.023835046379295743	0.0045959347729668054	2.1472621696424942e-07	6.911e-01	rs4767027	12	112921352	T	C	.
12	113359188	A	G	12:112921383:A:G	97	2.8219e-02	4.4471e-03	2.2167e-10	158984	2781331	131859	1.9421e-04	0.0287510073028138	0.004450544158591545	1.0462651510670774e-10	6.914e-01	rs4767028	12	112921383	A	G	.
12	113359318	G	A	12:112921513:G:A	99	2.8479e-02	4.4443e-03	1.4736e-10	161758	2789853	133933	1.5792e-04	0.02668057074481115	0.004483372033639827	2.665004505305827e-09	6.909e-01	rs4767029	12	112921513	G	A	.
12	113359577	C	T	12:112921772:C:T	97	2.8213e-02	4.4407e-03	2.1091e-10	158984	2781331	131859	3.3859e-04	0.026428313064776682	0.004479819681356013	3.6479380867562295e-09	6.906e-01	rs4767030	12	112921772	C	T	.
12	113359703	C	G	12:112921898:C:G	97	2.8336e-02	4.4461e-03	1.8505e-10	158984	2781331	131859	2.1837e-04	0.02582485660696863	0.004552023784439632	1.4009776157100904e-08	6.374e-01	rs10850092	12	112921898	C	G	.
12	113360025	A	G	12:112922220:A:G	99	2.8401e-02	4.4444e-03	1.6575e-10	161758	2789853	133933	1.7236e-04	0.02590371319046233	0.004550278432699492	1.2499074973566599e-08	6.91e-01	rs6489864	12	112922220	A	G	.
12	113360302	A	G	12:112922497:A:G	98	2.8451e-02	4.4505e-03	1.6285e-10	159153	2781521	131949	8.3083e-05	0.026700021375960982	0.004489574276193972	2.729071391856295e-09	6.912e-01	rs6489865	12	112922497	A	G	.
12	113360468	C	T	12:112922663:C:T	98	2.849e-02	4.4452e-03	1.4636e-10	159153	2781521	131949	1.489e-04	0.026692187839792207	0.004484380195915678	2.6446804253721247e-09	6.909e-01	rs10850093	12	112922663	C	T	.
12	113360563	T	C	12:112922758:T:C	101	2.8416e-02	4.4233e-03	1.3258e-10	219005	3003837	178900	2.147e-04	0.02663523006415626	0.004461918695234686	2.3804504986179948e-09	6.91e-01	rs10850094	12	112922758	T	C	.
12	113360575	T	C	12:112922770:T:C	99	2.8288e-02	4.4412e-03	1.8959e-10	173734	2822214	142689	1.6434e-04	0.026490344334090903	0.004480256014167529	3.365746549986644e-09	6.911e-01	rs10850095	12	112922770	T	C	.
12	113360737	G	T	12:112922932:G:T	97	2.8184e-02	4.4371e-03	2.1274e-10	158984	2781331	131859	3.2378e-04	0.025719394410510413	0.004543166885224959	1.5039178364489034e-08	6.901e-01	rs10774672	12	112922932	G	T	.
12	113360786	T	C	12:112922981:T:C	97	2.8256e-02	4.4467e-03	2.0908e-10	158984	2781331	131859	2.4217e-04	0.0264607617050263	0.00448588980105288	3.664541261688209e-09	6.91e-01	rs10850096	12	112922981	T	C	.
12	113361117	C	T	12:112923312:C:T	96	2.8587e-02	4.3600e-03	5.5004e-11	158528	2780349	131548	9.7349e-03	0.026730442303466957	0.004397152124371482	1.2090785919312716e-09	6.789e-01	rs10850097	12	112923312	C	T	.
12	113361158	C	T	12:112923353:C:T	98	2.8561e-02	4.4457e-03	1.3238e-10	159153	2781521	131949	2.1107e-04	0.0267747676577797	0.0044848324530238366	2.3715052788437494e-09	6.909e-01	rs10774673	12	112923353	C	T	.
12	113361174	T	C	12:112923369:T:C	100	2.8568e-02	4.4355e-03	1.1894e-10	173903	2822404	142778	2.1261e-04	0.02679391293256581	0.0044744547440000275	2.121810049149599e-09	6.909e-01	rs10774674	12	112923369	T	C	.
12	113361237	C	T	12:112923432:C:T	98	2.8159e-02	4.4364e-03	2.1935e-10	161589	2789663	133844	2.6916e-04	0.026165874376675613	0.004475862373156378	5.0354557190592775e-09	6.881e-01	rs10774675	12	112923432	C	T	.
12	113361443	G	A	12:112923638:G:A	99	2.7699e-02	4.4382e-03	4.3491e-10	161758	2789853	133933	2.0095e-04	0.025704308251766728	0.004477437328822848	9.420099494663123e-09	6.883e-01	rs11066451	12	112923638	G	A	.
12	113361574	G	T	12:112923769:G:T	100	2.5289e-02	4.1970e-03	1.6874e-09	218836	3003647	178811	2.3625e-04	0.023441797206899352	0.004230378435596934	3.0023386845420766e-08	6.883e-01	rs11066452	12	112923769	G	T	.
12	113361706	CA	C	12:112923901:CA:C	76	3.2732e-02	5.1603e-03	2.254e-10	118301	2441615	98715	2.6941e-03	0.030301372712344038	0.005223365113048125	6.587306789590223e-09	5.998e-01	rs35847220	12	112923901	CA	C	.
12	113362058	G	C	12:112924253:G:C	97	2.6555e-02	4.4153e-03	1.8069e-09	158984	2781331	131859	2.0972e-03	0.02468564419058227	0.004454603445943503	2.9971505396318196e-08	6.318e-01	rs10850098	12	112924253	G	C	.
12	113362407	A	G	12:112924602:A:G	99	2.6822e-02	4.4120e-03	1.2066e-09	161758	2789853	133933	1.4781e-03	0.024973393552510582	0.004451295063568508	2.018993981876744e-08	6.808e-01	rs10774676	12	112924602	A	G	.
12	113362421	G	A	12:112924616:G:A	98	2.6572e-02	4.4128e-03	1.7259e-09	159153	2781521	131949	1.2408e-03	0.02470573985279386	0.004452016439367389	2.8675484973678477e-08	6.81e-01	rs10774677	12	112924616	G	A	.
12	113362751	C	G	12:112924946:C:G	98	2.6541e-02	4.4004e-03	1.6239e-09	173645	2547892	142600	8.7757e-04	0.024683211913989554	0.004439348851723026	2.696241685279641e-08	6.675e-01	rs4767031	12	112924946	C	G	.
12	113362974	A	G	12:112925169:A:G	97	2.6559e-02	4.4132e-03	1.7645e-09	158984	2781331	131859	1.7268e-03	0.0246919274853218	0.004452432183221768	2.9275251747161688e-08	6.81e-01	rs4766663	12	112925169	A	G	.
12	113362997	T	G	12:112925192:T:G	94	2.4664e-02	4.5032e-03	4.3281e-08	151662	2734751	125582	2.4772e-03	0.022641859016021275	0.004546229081843913	6.346598963340072e-07	6.820e-01	rs4766664	12	112925192	T	G	.
12	113363077	T	G	12:112925272:T:G	97	2.6640e-02	4.4136e-03	1.5812e-09	158984	2781331	131859	2.2107e-03	0.024773913676574943	0.004452877987540852	2.643055641609742e-08	6.811e-01	rs4767032	12	112925272	T	G	.
12	113363109	T	C	12:112925304:T:C	101	2.5485e-02	4.3654e-03	5.2826e-09	219005	3003837	178900	1.3008e-03	0.02363673803128975	0.004403411199926344	7.96920904849658e-08	6.811e-01	rs4766665	12	112925304	T	C	.
12	113363178	G	A	12:112925373:G:A	100	2.6921e-02	4.4066e-03	1.0012e-09	173903	2822404	142778	1.3993e-03	0.02506216627668717	0.004445652577320822	1.7258169946820247e-08	6.81e-01	rs4988618	12	112925373	G	A	.
12	113363283	C	T	12:112925478:C:T	83	3.1033e-02	5.119e-03	1.3415e-09	120732	2471459	100629	1.3186e-03	0.028628265445146534	0.005180578565630022	3.274742756778737e-08	6.820e-01	rs7972033	12	112925478	C	T	.
12	113363284	A	G	12:112925479:A:G	101	2.6397e-02	4.1803e-03	2.7092e-10	219005	3003837	178900	2.5945e-03	0.024728463788365105	0.004213608378968142	4.391874485437966e-09	6.809e-01	rs7958379	12	112925479	A	G	.
12	113363408	A	G	12:112925603:A:G	98	2.6719e-02	4.4112e-03	1.3860e-09	159153	2781521	131949	1.8239e-03	0.02485681124187217	0.004450477093955082	2.334294337415045e-08	6.81e-01	rs6489866	12	112925603	A	G	.
12	113363550	C	T	12:112925745:C:T	98	2.7372e-02	4.3217e-03	2.3943e-10	161589	2789663	133844	1.16e-02	0.025394884619589636	0.0043586376001815835	5.6657687997266375e-09	6.683e-01	rs6489867	12	112925745	C	T	.
12	113363692	G	C	12:112925887:G:C	98	2.6546e-02	4.4111e-03	1.7665e-09	159153	2781521	131949	1.2509e-03	0.02467650066484561	0.004450358418135902	2.9423242453610832e-08	6.319e-01	rs6489868	12	112925887	G	C	.
12	113363922	A	C	12:112926117:A:C	97	2.6341e-02	4.4124e-03	2.3764e-09	158984	2781331	131859	1.8972e-03	0.024476235975007053	0.004451719569986925	3.837895464349999e-08	6.810e-01	rs6489869	12	112926117	A	C	.
12	113363972	G	A	12:112926167:G:A	97	2.7404e-02	4.5094e-03	1.2228e-09	153599	2694394	126727	1.8548e-03	0.025473231549357052	0.004551307932220998	2.182140156684231e-08	6.815e-01	rs6489870	12	112926167	G	A	.
12	113364332	A	G	12:112926527:A:G	100	2.6278e-02	4.4080e-03	2.4993e-09	173903	2822404	142778	1.2103e-03	0.024414341359464048	0.0044471527586509895	4.0220364429153586e-08	6.809e-01	rs4766666	12	112926527	A	G	.
12	113364471	A	G	12:112926666:A:G	98	2.6590e-02	4.4118e-03	1.6694e-09	159153	2781521	131949	1.4816e-03	0.024728518809522038	0.004451037723819622	2.765410641951724e-08	6.81e-01	rs4767034	12	112926666	A	G	.
12	113364512	T	C	12:112926707:T:C	99	2.6433e-02	4.4113e-03	2.0726e-09	161758	2789853	133933	1.9100e-03	0.02457019664232121	0.004450544738979031	3.376197477727688e-08	6.810e-01	rs10850100	12	112926707	T	C	.
12	113364633	G	A	12:112926828:G:A	99	2.6477e-02	4.4089e-03	1.9093e-09	161758	2789853	133933	1.6415e-03	0.024619377715608633	0.0044480975563984245	3.11564763055575e-08	6.809e-01	rs4766667	12	112926828	G	A	.
12	113364780	T	C	12:112926975:T:C	98	2.6501e-02	4.4111e-03	1.8803e-09	159153	2781521	131949	1.3695e-03	0.024634808780848966	0.004450311975924771	3.102992260734752e-08	6.81e-01	rs4766668	12	112926975	T	C	.
12	113364873	A	G	12:112927068:A:G	81	3.0850e-02	5.12e-03	1.6861e-09	122919	2478588	102399	2.8193e-03	0.028435239287788294	0.005181595659576652	4.0711334454062196e-08	6.822e-01	rs4766670	12	112927068	A	G	.
12	113365065	A	G	12:112927260:A:G	99	2.6399e-02	4.4111e-03	2.1670e-09	171298	2814072	140793	1.1901e-03	0.024532973000716992	0.00445033972803559	3.5355753386614107e-08	6.810e-01	rs4766671	12	112927260	A	G	.
12	113365148	A	G	12:112927343:A:G	96	2.7594e-02	4.5024e-03	8.8603e-10	153510	2420072	126638	5.3282e-03	0.0256816199036594	0.004544154647225415	1.5898650819834335e-08	6.785e-01	rs4766672	12	112927343	A	G	.
12	113365161	A	G	12:112927356:A:G	98	2.6406e-02	4.4117e-03	2.1567e-09	159153	2781521	131949	1.1968e-03	0.024541012360090337	0.0044508596347285646	3.512293178387968e-08	6.810e-01	rs4766673	12	112927356	A	G	.
12	113365201	G	T	12:112927396:G:T	98	2.6530e-02	4.4115e-03	1.8115e-09	159153	2781521	131949	1.1387e-03	0.024667431720719443	0.004450692249739345	2.9838634962000196e-08	6.810e-01	rs4766674	12	112927396	G	T	.
12	113365223	CG	C	12:112927418:CG:C	75	3.2191e-02	5.1642e-03	4.5630e-10	118018	2389543	98434	1.6891e-03	0.029785374904696908	0.005227085504963884	1.2102514463203536e-08	5.973e-01	rs10716630	12	112927418	CG	C	.
12	113365453	A	T	12:112927648:A:T	98	2.6611e-02	4.4113e-03	1.6154e-09	159153	2781521	131949	1.1577e-03	0.024749523006654676	0.004450502900493047	2.6813775527867368e-08	6.308e-01	rs4766675	12	112927648	A	T	.
12	113365581	C	T	12:112927776:C:T	97	2.6483e-02	4.4129e-03	1.9582e-09	159064	2507199	131860	1.5798e-03	0.024619710529082694	0.004452094465882078	3.203833004093602e-08	6.793e-01	rs4766676	12	112927776	C	T	.
12	113365667	T	C	12:112927862:T:C	98	2.6529e-02	4.4115e-03	1.8154e-09	159153	2781521	131949	1.1869e-03	0.024663810122620197	0.004450690902138748	2.997736419898627e-08	6.810e-01	rs7304898	12	112927862	T	C	.
12	113365687	G	T	12:112927882:G:T	97	2.6552e-02	4.4124e-03	1.7711e-09	158791	2781219	131784	8.7204e-04	0.024686916169913517	0.004451648198112734	2.930020451423672e-08	6.810e-01	rs7315441	12	112927882	G	T	.
12	113365803	T	C	12:112927998:T:C	97	2.6461e-02	4.4128e-03	2.0184e-09	158791	2781219	131784	9.2977e-04	0.024603661812357663	0.004451831649943532	3.264255810451772e-08	6.810e-01	rs7305035	12	112927998	T	C	.
12	113365828	C	T	12:112928023:C:T	101	2.5878e-02	4.3966e-03	3.956e-09	219005	3003837	178900	6.2287e-04	0.0240266032086994	0.004435151609120319	6.050146958492068e-08	6.810e-01	rs7316586	12	112928023	C	T	.
12	113366049	G	T	12:112928244:G:T	98	2.6452e-02	4.4113e-03	2.0179e-09	159153	2781521	131949	1.1575e-03	0.02458815936699207	0.0044505704906556524	3.300099757911546e-08	6.810e-01	rs916972	12	112928244	G	T	.
12	113366691	G	A	12:112928886:G:A	96	2.6961e-02	4.3288e-03	4.7155e-10	158528	2780349	131548	1.1154e-02	0.024976844987096535	0.004365813944111476	1.0589555453524452e-08	6.679e-01	rs7134391	12	112928886	G	A	.
12	113366899	A	G	12:112929094:A:G	98	2.6574e-02	4.4114e-03	1.7032e-09	159153	2781521	131949	1.5026e-03	0.02471231191575429	0.004450694058867479	2.816731349296403e-08	6.810e-01	rs7306205	12	112929094	A	G	.
12	113367309	C	T	12:112929504:C:T	98	2.6641e-02	4.4120e-03	1.5568e-09	159153	2781521	131949	1.4996e-03	0.024780183501140866	0.004451262492653868	2.591606569224238e-08	6.808e-01	rs1859336	12	112929504	C	T	.
12	113367422	T	C	12:112929617:T:C	97	2.639e-02	4.4120e-03	2.2129e-09	158984	2781331	131859	1.9107e-03	0.024524395635235684	0.004451304479312638	3.59884886512075e-08	6.810e-01	rs2384072	12	112929617	T	C	.
12	113367595	A	G	12:112929790:A:G	98	2.6502e-02	4.4113e-03	1.8807e-09	159153	2781521	131949	1.138e-03	0.024635486698935432	0.00445058226013231	3.106249105482392e-08	6.810e-01	rs2384073	12	112929790	A	G	.
12	113367895	A	G	12:112930090:A:G	98	2.6568e-02	4.4114e-03	1.7161e-09	159153	2781521	131949	1.1116e-03	0.02470462477851633	0.00445064482780266	2.8437057697141944e-08	6.810e-01	rs6489874	12	112930090	A	G	.
12	113368030	G	A	12:112930225:G:A	98	2.6427e-02	4.412e-03	2.0999e-09	159153	2781521	131949	1.2241e-03	0.024562445090735064	0.004451209310150545	3.425850200017504e-08	6.811e-01	rs6489875	12	112930225	G	A	.
12	113368055	G	A	12:112930250:G:A	98	2.6601e-02	4.4121e-03	1.6476e-09	159153	2781521	131949	1.5226e-03	0.02473733123868829	0.004451241475681972	2.7382210930344978e-08	6.810e-01	rs6489876	12	112930250	G	A	.
12	113368079	A	G	12:112930274:A:G	99	2.6339e-02	4.4058e-03	2.2572e-09	216231	2995315	176826	2.8051e-03	0.024481518201760723	0.004444642349622309	3.6273491338494533e-08	6.809e-01	rs6489877	12	112930274	A	G	.
12	113368125	A	G	12:112930320:A:G	100	2.6526e-02	4.4086e-03	1.7770e-09	173903	2822404	142778	1.5338e-03	0.02466608974732407	0.004447733634615488	2.9267010557737152e-08	6.811e-01	rs6489878	12	112930320	A	G	.
12	113368249	C	A	12:112930444:C:A	98	2.6525e-02	4.4107e-03	1.8131e-09	159153	2781521	131949	1.1927e-03	0.024662338853675282	0.004449810246492965	2.984646845811889e-08	6.810e-01	rs7298184	12	112930444	C	A	.
12	113368505	A	G	12:112930700:A:G	98	2.6560e-02	4.4107e-03	1.7252e-09	159153	2781521	131949	1.2105e-03	0.02468632183631625	0.0044499200653274115	2.8963788315938388e-08	6.810e-01	rs12322160	12	112930700	A	G	.
12	113368605	T	C	12:112930800:T:C	98	2.6494e-02	4.4103e-03	1.8860e-09	159153	2781521	131949	1.1490e-03	0.024632194169269088	0.004449555446975358	3.096738468147481e-08	6.810e-01	rs7132404	12	112930800	T	C	.
12	113369715	TA	T	12:112931910:TA:T	71	2.9058e-02	5.3086e-03	4.4044e-08	110527	2342773	92068	4.4983e-03	0.026445034976863978	0.005376991884398662	8.735082608740626e-07	5.945e-01	rs11352835	12	112931910	TA	T	.
12	113369759	G	C	12:112931954:G:C	97	2.6534e-02	4.4146e-03	1.8496e-09	161305	2772701	133494	1.6041e-03	0.02469075499395726	0.00445370539913549	2.9586185067014633e-08	6.316e-01	rs7967461	12	112931954	G	C	.
12	113371114	T	C	12:112933309:T:C	97	2.6622e-02	4.4169e-03	1.6672e-09	161305	2772701	133494	9.3739e-04	0.024783676792143453	0.00445605921480178	2.6701764521496504e-08	6.822e-01	rs1859332	12	112933309	T	C	.
12	113371523	G	C	12:112933718:G:C	100	2.4905e-02	4.3353e-03	9.2073e-09	218836	3003647	178811	7.3558e-04	0.023106145996393306	0.004372299022289292	1.259333637836677e-07	6.325e-01	rs1981554	12	112933718	G	C	.
12	113371973	A	G	12:112934168:A:G	98	2.6384e-02	4.4089e-03	2.1748e-09	159153	2781521	131949	9.2764e-04	0.024546097644687757	0.004447787634845919	3.414764393149231e-08	6.815e-01	rs57484342	12	112934168	A	G	.
12	113371977	A	G	12:112934172:A:G	98	2.6470e-02	4.4088e-03	1.9257e-09	159153	2781521	131949	1.1138e-03	0.024632392977804396	0.004447654777855096	3.054427285240794e-08	6.816e-01	rs61266553	12	112934172	A	G	.
12	113372539	A	G	12:112934734:A:G	98	2.6147e-02	4.4018e-03	2.8494e-09	161396	2789551	133768	1.1259e-03	0.02430162834131488	0.004440722785411245	4.438588708845791e-08	6.811e-01	rs7966314	12	112934734	A	G	.
12	113372866	G	C	12:112935061:G:C	98	2.7012e-02	4.5e-03	1.9397e-09	156204	2702726	128712	2.0819e-03	0.025090565688159948	0.00454189781531747	3.309015494993846e-08	6.310e-01	rs1981557	12	112935061	G	C	.
12	113372961	C	G	12:112935156:C:G	98	2.6583e-02	4.4072e-03	1.6224e-09	159153	2781521	131949	1.5393e-03	0.024733490777709328	0.004446605593975983	2.6619524392701795e-08	6.315e-01	rs1981556	12	112935156	C	G	.
12	113372977	G	A	12:112935172:G:A	98	2.6257e-02	4.4028e-03	2.4668e-09	159153	2781521	131949	2.0902e-03	0.024405141685064097	0.004442069738188055	3.927247934083078e-08	6.812e-01	rs1981555	12	112935172	G	A	.
12	113373563	A	G	12:112935758:A:G	97	2.6497e-02	4.4076e-03	1.8377e-09	158791	2781219	131784	1.2769e-03	0.02464498600285039	0.004446979987335764	2.99104336592789e-08	6.816e-01	rs3759376	12	112935758	A	G	.
12	113373588	A	G	12:112935783:A:G	98	2.6518e-02	4.4067e-03	1.7697e-09	159153	2781521	131949	1.5528e-03	0.024669179276684067	0.004446047376404837	2.8802513189728432e-08	6.816e-01	rs3759375	12	112935783	A	G	.
12	113374017	G	C	12:112936212:G:C	100	2.6245e-02	4.3996e-03	2.4400e-09	173903	2822404	142778	3.3778e-03	0.02441221104321236	0.004438737961856431	3.8020284507776734e-08	6.323e-01	rs4767040	12	112936212	G	C	.
12	113374748	C	T	12:112936943:C:T	95	2.6894e-02	4.3189e-03	4.7513e-10	156936	2712285	129992	3.5999e-03	0.02517961509373601	0.004355945516932389	7.4471617106839184e-09	6.533e-01	rs10774679	12	112936943	C	T	.
12	113375036	A	C	12:112937231:A:C	98	2.6151e-02	4.4029e-03	2.8591e-09	159153	2781521	131949	1.9681e-03	0.024286147733608876	0.00444207416137406	4.569448350758978e-08	6.812e-01	rs7132797	12	112937231	A	C	.
12	113375983	T	C	12:112938178:T:C	99	2.6223e-02	4.3974e-03	2.4721e-09	161758	2789853	133933	2.0679e-03	0.024391069005978188	0.004436490320482452	3.844936066988018e-08	6.838e-01	rs1156361	12	112938178	T	C	.
12	113376320	C	T	12:112938515:C:T	97	2.4965e-02	4.4619e-03	2.2036e-08	149852	2776066	128510	2.642e-03	0.02302373169241459	0.004502704996202424	3.1656021041195627e-07	6.828e-01	rs3815178	12	112938515	C	T	.
12	113376331	C	A	12:112938526:C:A	96	2.7087e-02	4.3179e-03	3.5389e-10	159541	2720617	131977	2.8255e-03	0.02522317665541593	0.004354906923514465	6.9595411165126485e-09	6.629e-01	rs1859331	12	112938526	C	A	.
12	113376388	G	A	12:112938583:G:A	95	2.4934e-02	4.3248e-03	8.1466e-09	149227	2774894	128109	7.8356e-03	0.023029089080025496	0.00436196975333076	1.2952557299659398e-07	6.643e-01	rs1859330	12	112938583	G	A	.
12	113376452	C	T	12:112938647:C:T	96	2.6903e-02	4.4228e-03	1.1812e-09	161136	2772511	133404	9.4492e-04	0.025070716224864554	0.004462532364948976	1.9312805659129583e-08	6.834e-01	rs1859329	12	112938647	C	T	.
12	113376913	T	A	12:112939108:T:A	99	2.6367e-02	4.4093e-03	2.2327e-09	161758	2789853	133933	1.2397e-03	0.02452361747554124	0.004448556888722705	3.53344128319353e-08	6.335e-01	rs7299132	12	112939108	T	A	.
12	113377822	G	A	12:112940017:G:A	100	2.6426e-02	4.4017e-03	1.9307e-09	173903	2822404	142778	1.6144e-03	0.02456908418298293	0.004440898628462259	3.157744594990401e-08	6.824e-01	rs6489879	12	112940017	G	A	.
12	113378081	T	A	12:112940276:T:A	99	2.6219e-02	4.4085e-03	2.7238e-09	161758	2789853	133933	1.2669e-03	0.024345894078632014	0.0044478756581802495	4.409827965915377e-08	6.335e-01	rs4238033	12	112940276	T	A	.
12	113378677	G	A	12:112940872:G:A	100	2.4984e-02	4.3291e-03	7.8705e-09	218836	3003647	178811	7.4124e-03	0.023229967036822806	0.004366367095312655	1.0365052369114184e-07	6.739e-01	rs4767041	12	112940872	G	A	.
12	113379039	C	T	12:112941234:C:T	100	2.5135e-02	4.3400e-03	6.9812e-09	173903	2822404	142778	3.1444e-03	0.02336364711201268	0.004377589320907213	9.444315533121255e-08	6.74e-01	rs7955267	12	112941234	C	T	.
12	113379123	T	C	12:112941318:T:C	100	2.5957e-02	4.3989e-03	3.6192e-09	173903	2822404	142778	9.9303e-04	0.024097836635375822	0.004438042489156114	5.6406306343807775e-08	6.826e-01	rs7311182	12	112941318	T	C	.
12	113380008	G	A	12:112942203:G:A	98	2.5158e-02	4.3382e-03	6.6582e-09	159153	2781521	131949	4.2151e-03	0.023360649358010955	0.004376853995276184	9.433296859352962e-08	6.745e-01	rs10735079	12	112942203	G	A	.
12	113380271	C	T	12:112942466:C:T	100	2.6125e-02	4.3993e-03	2.8758e-09	173903	2822404	142778	1.0088e-03	0.024268818992541574	0.004438421086002525	4.554123613215157e-08	6.826e-01	rs6489880	12	112942466	C	T	.
12	113380708	A	T	12:112942903:A:T	97	2.4976e-02	4.3454e-03	9.0481e-09	158984	2781331	131859	4.6919e-03	0.023210019863178694	0.004383108615899501	1.1879969583683026e-07	6.253e-01	rs7977345	12	112942903	A	T	.
12	113381217	A	T	12:112943412:A:T	97	2.5126e-02	4.3451e-03	7.3528e-09	158984	2781331	131859	4.0833e-03	0.023362906458753316	0.004382794617649803	9.78910922100673e-08	6.254e-01	rs6489881	12	112943412	A	T	.
12	113381376	G	A	12:112943571:G:A	97	2.7645e-02	4.5087e-03	8.7034e-10	156035	2702536	128622	7.6432e-04	0.025744599899802382	0.0045508762922461185	1.5398406812571306e-08	6.831e-01	rs6489882	12	112943571	G	A	.
12	113381695	A	C	12:112943890:A:C	96	2.4215e-02	4.4373e-03	4.8400e-08	158528	2780349	131548	9.0691e-03	0.02243815354952665	0.004476702131249332	5.380953554920988e-07	6.904e-01	rs7131998	12	112943890	A	C	.
12	113381749	T	C	12:112943944:T:C	95	2.4452e-02	4.3648e-03	2.1182e-08	156936	2712285	129992	3.1090e-03	0.022704959322600523	0.00440255586517995	2.5064016213193494e-07	6.657e-01	rs7135260	12	112943944	T	C	.
12	113381956	C	T	12:112944151:C:T	95	2.4293e-02	4.3898e-03	3.1293e-08	156936	2712285	129992	1.7847e-02	0.02259120211657445	0.004427695809897049	3.356425039851033e-07	6.775e-01	rs2269899	12	112944151	C	T	.
12	113382977	C	T	12:112945172:C:T	96	2.5781e-02	4.4700e-03	8.0421e-09	158528	2780349	131548	3.1104e-03	0.024125803858417616	0.00451035878744673	8.845294946044473e-08	6.945e-01	rs2384074	12	112945172	C	T	.
12	113385000	A	T	12:112947195:A:T	96	2.6100e-02	4.6133e-03	1.5346e-08	156928	2769328	130104	1.7038e-03	0.026591510088341395	0.004616796846304702	8.424785556860038e-09	6.642e-01	rs10850103	12	112947195	A	T	.
12	113386950	T	C	12:112949145:T:C	95	2.5448e-02	4.6129e-03	3.4541e-08	156472	2768346	129792	2.5738e-03	0.02592326040924133	0.0046164503643602636	1.960969830825194e-08	7.285e-01	rs2285932	12	112949145	T	C	.
12	113392182	A	G	12:112954377:A:G	97	2.5883e-02	4.4501e-03	6.0212e-09	158984	2781331	131859	5.5031e-04	0.028790128497477203	0.004767960355153934	1.5579620789776805e-09	7.123e-01	rs7310667	12	112954377	A	G	.
12	113392744	C	T	12:112954939:C:T	97	2.6118e-02	4.4585e-03	4.6843e-09	158984	2781331	131859	1.4543e-03	0.024702965430372047	0.004563780705521266	6.20366615536469e-08	7.145e-01	rs7295756	12	112954939	C	T	.
12	113394019	T	G	12:112956214:T:G	94	2.6255e-02	4.7150e-03	2.5713e-08	151183	2682088	124812	9.6739e-04	0.026753292131801852	0.00471875973824569	1.4316458988637676e-08	7.291e-01	rs10744788	12	112956214	T	G	.
12	113395457	C	T	12:112957652:C:T	81	2.9590e-02	5.2137e-03	1.3832e-08	120921	2467485	100698	1.7268e-03	0.027819982312858454	0.005383949011594088	2.376172741934042e-07	7.163e-01	rs78220999	12	112957652	C	T	.
12	113395704	G	A	12:112957899:G:A	80	2.948e-02	5.2045e-03	1.4766e-08	118316	2459153	98713	1.4595e-03	0.027708202370692336	0.005374014368786273	2.523349515730766e-07	7.167e-01	rs150390228	12	112957899	G	A	.
12	113396010	T	C	12:112958205:T:C	97	2.5243e-02	4.4878e-03	1.8576e-08	157097	2769518	130193	1.4445e-03	0.023780751969449936	0.004595250219873176	2.2782278357835833e-07	7.156e-01	rs10744789	12	112958205	T	C	.
12	113397143	T	C	12:112959338:T:C	101	2.4472e-02	4.4263e-03	3.2229e-08	219005	3003837	178900	3.3691e-04	0.02298655297682874	0.004529425609823323	3.8762289552731167e-07	7.149e-01	rs4238034	12	112959338	T	C	.
12	113402899	C	A	12:112965094:C:A	96	2.5712e-02	4.6147e-03	2.5196e-08	156928	2769328	130104	1.0961e-03	0.026197317085487164	0.004618177571363456	1.4060316262330648e-08	7.283e-01	rs4767044	12	112965094	C	A	.
12	113405181	A	C	12:112967376:A:C	96	2.5810e-02	4.6163e-03	2.2573e-08	156928	2769328	130104	1.3059e-03	0.026299167365478632	0.004619850890218201	1.2508687772136953e-08	7.283e-01	rs1557866	12	112967376	A	C	.
12	113406196	A	G	12:112968391:A:G	97	2.5901e-02	4.6158e-03	2.0070e-08	157097	2769518	130193	5.9287e-04	0.026391746698471594	0.004619346920970478	1.1080158095439956e-08	7.283e-01	rs3937434	12	112968391	A	G	.
12	113406460	G	C	12:112968655:G:C	96	2.5626e-02	4.6192e-03	2.8948e-08	156641	2768536	129882	1.2061e-03	0.026101466441694997	0.004622735412254117	1.639138677410027e-08	6.659e-01	rs2016831	12	112968655	G	C	.
12	113406945	T	A	12:112969140:T:A	94	2.5533e-02	4.6228e-03	3.3287e-08	156190	2493912	129628	7.8303e-04	0.026003786993556672	0.004626338017246291	1.9005945475157823e-08	7.130e-01	rs757405	12	112969140	T	A	.
12	113409413	C	T	12:112971608:C:T	96	2.5379e-02	4.6213e-03	3.9823e-08	156641	2768536	129882	1.1828e-03	0.025848803104719542	0.004624817977892882	2.2818330085315057e-08	7.282e-01	rs4767045	12	112971608	C	T	.
12	113410316	G	A	12:112972511:G:A	96	2.5497e-02	4.6212e-03	3.4402e-08	156641	2768536	129882	1.0623e-03	0.025967195787294686	0.00462467623632041	1.9665106919037304e-08	7.282e-01	rs10744791	12	112972511	G	A	.
12	113433587	T	C	12:112995782:T:C	98	2.0626e-02	3.6637e-03	1.8040e-08	216451	2932163	176644	4.644e-02	0.016112956073592696	0.004254929837364078	0.00015254389399070313	5.897e-01	rs1293758	12	112995782	T	C	.
12	113444418	T	C	12:113006613:T:C	99	2.2382e-02	3.8535e-03	6.315e-09	209535	2998192	175373	1.2411e-01	0.017522050442801317	0.004581940729128513	0.00013122147624138416	7.213e-01	rs929291	12	113006613	T	C	.
12	133054609	A	G	12:132478023:A:G	99	2.471e-02	4.2805e-03	7.8038e-09	208395	2930586	174044	7.9419e-02	0.021273919748334213	0.004370997283375143	1.1326885153935153e-06	6.871e-01	rs10870546	12	132478023	A	G	.
12	133055192	T	G	12:132478606:T:G	93	2.4322e-02	4.2929e-03	1.4637e-08	147705	2705523	126527	2.2768e-01	0.019798613341383404	0.004394825930334461	6.6378452732218324e-06	5.984e-01	rs11147167	12	132478606	T	G	.
12	133055791	G	A	12:132479205:G:A	94	2.4487e-02	4.283e-03	1.0829e-08	147979	2705875	126681	1.6105e-01	0.019683452288281018	0.004386130393284339	7.201047032437721e-06	5.991e-01	rs4883585	12	132479205	G	A	.
12	133058066	G	A	12:132481480:G:A	100	2.2911e-02	4.1849e-03	4.3822e-08	174186	2822672	142916	1.2832e-01	0.01858565910511611	0.0042806755019615585	1.4134687035163842e-05	6.173e-01	rs4418881	12	132481480	G	A	.
12	133067989	G	A	12:132491403:G:A	98	2.5356e-02	4.3046e-03	3.8502e-09	173368	2821388	142440	1.5029e-01	0.021249985202128622	0.004405354548080784	1.409391475529459e-06	6.386e-01	rs7295014	12	132491403	G	A	.
12	133136078	G	A	12:132559492:G:A	101	2.2707e-02	4.1521e-03	4.5312e-08	219288	3004105	179038	1.9293e-01	0.01878090772298123	0.004251326199353001	9.977585584522398e-06	5.713e-01	rs11614573	12	132559492	G	A	.
12	133136791	G	T	12:132560205:G:T	83	2.7035e-02	4.7882e-03	1.6409e-08	123429	2479946	102681	9.0142e-02	0.021889498918887387	0.004942218446065696	9.463431494881327e-06	5.713e-01	rs7973123	12	132560205	G	T	.
14	29461657	T	G	14:28992451:T:G	83	-6.8867e-02	1.1798e-02	5.3010e-09	151190	2657499	125680	7.7069e-01	-0.06485070950920428	0.012073503396562863	7.816023674566852e-08	3.839e-02	rs78773734	14	28992451	T	G	.
17	38167513	A	G	17:40011260:A:G	102	-2.1725e-02	3.5619e-03	1.0652e-09	219523	3005103	179229	5.4538e-01	-0.01990067299832318	0.0036208921417297136	3.8835064106451366e-08	3.823e-01	rs62065177	17	40011260	A	G	.
19	4641415	C	T	19:4641403:C:T	99	2.3215e-02	4.2342e-03	4.1889e-08	208178	2931126	174007	7.888e-03	0.01825148229468487	0.004330959482636086	2.5067718307873776e-05	3.592e-01	rs35925872	19	4641403	C	T	.
19	4686988	G	T	19:4686976:G:T	83	3.7322e-02	6.1709e-03	1.4664e-09	145534	2678700	121124	7.8832e-06	0.026358857304839438	0.006354003306845845	3.3482775086166035e-05	1.653e-01	rs35574495	19	4686976	G	T	.
19	4714468	C	T	19:4714456:C:T	94	-2.9124e-02	4.2937e-03	1.1774e-11	148677	2673579	123190	5.2541e-02	-0.02365008789404367	0.0044063353875829344	7.992767878383191e-08	4.319e-01	rs7251000	19	4714456	C	T	.
19	4715016	G	A	19:4715004:G:A	85	3.5229e-02	4.9333e-03	9.2629e-13	124552	2265403	106475	4.3247e-02	0.03276318241619271	0.00498216667067753	4.8297636870627275e-11	3.285e-01	rs12462642	19	4715004	G	A	.
19	4717672	A	G	19:4717660:A:G	94	5.3077e-02	4.7301e-03	3.2120e-29	141533	2734343	121700	8.4259e-19	0.04100192161178065	0.0048547746220397705	3.0225472737755795e-17	2.907e-01	rs12610495	19	4717660	A	G	.
19	4719025	C	G	19:4719013:C:G	86	3.2799e-02	4.7247e-03	3.8664e-12	129218	2558920	110592	7.8748e-02	0.03093729667298637	0.004771564972330078	8.951243192112539e-11	3.591e-01	rs732631	19	4719013	C	G	.
19	4719123	C	T	19:4719111:C:T	93	-2.4486e-02	4.3657e-03	2.0372e-08	148637	2769327	127726	4.6029e-02	-0.019094997990762783	0.004475431865307328	1.9845063172285136e-05	3.424e-01	rs2006231	19	4719111	C	T	.
19	4719443	G	A	19:4719431:G:A	94	5.0406e-02	4.6287e-03	1.2905e-27	141533	2734343	121700	3.3732e-15	0.039695348075319124	0.004750637686396697	6.499425417841057e-17	3.076e-01	rs2109069	19	4719431	G	A	.
19	4719485	G	C	19:4719473:G:C	96	5.0718e-02	4.6310e-03	6.5219e-28	201111	2956307	168498	7.7350e-14	0.040291725595380266	0.004751732980283931	2.264069451926992e-17	3.085e-01	rs2109070	19	4719473	G	C	.
19	4721927	G	C	19:4721915:G:C	92	-2.4398e-02	4.4606e-03	4.5102e-08	139485	2665297	119833	4.2186e-02	-0.018181748605611295	0.004578915966821484	7.16455461316747e-05	3.424e-01	rs56945978	19	4721915	G	C	.
19	4723670	C	A	19:4723658:C:A	92	5.2655e-02	4.7869e-03	3.8317e-28	139485	2665297	119833	6.0216e-16	0.04054014130694701	0.0049165948570393135	1.6437078156320123e-16	2.928e-01	rs2277732	19	4723658	C	A	.
19	4724157	G	A	19:4724145:G:A	90	-2.5560e-02	4.4690e-03	1.0686e-08	144353	2206672	119044	1.7455e-02	-0.01988137144695174	0.004585117513349232	1.4505550805214951e-05	3.453e-01	rs10420225	19	4724145	G	A	.
19	4724734	G	A	19:4724722:G:A	85	3.1108e-02	4.7950e-03	8.7218e-11	140854	2417881	118721	6.1575e-02	0.029283788254511264	0.004842847085880493	1.4773953102931773e-09	3.518e-01	rs7255545	19	4724722	G	A	.
19	4724944	CAT	C	19:4724932:CAT:C	71	-3.1982e-02	5.2299e-03	9.64e-10	100111	2341573	87964	3.1525e-02	-0.024289796782108724	0.005422197377566541	7.474936673763158e-06	3.376e-01	rs10568242	19	4724932	CAT	C	.
19	4729442	TGACTATA	T	19:4729430:TGACTATA:T	72	-3.1039e-02	5.2947e-03	4.5640e-09	100394	2393645	88245	2.0948e-02	-0.0228136292283178	0.00549533378795981	3.303686758637714e-05	3.428e-01	rs111893078	19	4729430	TGACTATA	T	.
19	49206145	G	C	19:48702888:G:C	96	-3.6148e-02	4.0997e-03	1.1726e-18	215798	2993823	177017	2.3955e-01	-0.03229848372755274	0.004193327841545969	1.3358513373797474e-14	4.384e-01	rs516316	19	48702888	G	C	.
19	49369989	G	A	19:48866732:G:A	91	-4.6796e-02	5.8558e-03	1.3335e-15	154619	2747750	128879	6.3735e-01	-0.04537016199882996	0.005897883308875247	1.4415467500021614e-14	1.560e-01	rs56021835	19	48866732	G	A	.
19	50863023	A	G	19:50359766:A:G	96	2.5707e-02	4.3177e-03	2.6171e-09	171456	2753701	140787	1.0381e-01	0.02305941585379234	0.0044198357314499575	1.815928990319451e-07	3.300e-01	rs638294	19	50359766	A	G	.
19	50865535	A	G	19:50362278:A:G	96	2.474e-02	4.2697e-03	6.8618e-09	158401	2781045	131573	6.3929e-02	0.022073392141404958	0.004369450082535309	4.3776855423532145e-07	3.375e-01	rs676314	19	50362278	A	G	.
19	50866884	A	T	19:50363627:A:T	99	2.5366e-02	4.3208e-03	4.3384e-09	173513	2822230	142567	1.1531e-01	0.022596192578467494	0.004422660213076906	3.2355012963031946e-07	3.234e-01	rs61351775	19	50363627	A	T	.
19	50867106	C	T	19:50363849:C:T	98	2.5654e-02	4.3271e-03	3.055e-09	203865	2962780	167860	1.3969e-01	0.022831896180655144	0.004429252201323506	2.539057694442008e-07	3.203e-01	rs60132559	19	50363849	C	T	.
19	50868754	A	G	19:50365497:A:G	98	2.4510e-02	4.283e-03	1.0483e-08	203959	2963460	168007	7.2172e-02	0.021773472512364004	0.0043833240641538524	6.787659818552943e-07	3.357e-01	rs1274517	19	50365497	A	G	.
19	50871147	A	G	19:50367890:A:G	97	2.5196e-02	4.2920e-03	4.3490e-09	158857	2782027	131885	8.3606e-02	0.022545634319805618	0.004393331253817222	2.8700622781754413e-07	3.279e-01	rs1274514	19	50367890	A	G	.
19	50874162	T	G	19:50370905:T:G	96	2.5137e-02	4.4160e-03	1.2538e-08	165163	2726658	135291	1.3856e-01	0.02210465053818354	0.004525217170812777	1.0354902307993528e-06	3.205e-01	rs7247907	19	50370905	T	G	.
19	50875685	A	G	19:50372428:A:G	100	2.4892e-02	4.2646e-03	5.3211e-09	218797	3004293	178847	2.1053e-01	0.022538822731830103	0.004362429693304787	2.384218146924352e-07	3.266e-01	rs1274510	19	50372428	A	G	.
19	50877680	G	A	19:50374423:G:A	98	2.6120e-02	4.3646e-03	2.1698e-09	170908	2813898	140583	1.0892e-01	0.023227928247484646	0.0044687251794153365	2.0156665579216847e-07	3.129e-01	rs35463555	19	50374423	G	A	.
19	50879140	G	T	19:50375883:G:T	100	2.4236e-02	4.3172e-03	1.9805e-08	218615	3003663	178690	3.6976e-02	0.021349183901107106	0.004417859209483727	1.348476265961729e-06	3.131e-01	rs12972221	19	50375883	G	T	.
19	50882619	T	C	19:50379362:T:C	97	2.6014e-02	4.2786e-03	1.2024e-09	158287	2762657	131159	7.9747e-02	0.02344019937915284	0.004379283772815021	8.673821645182813e-08	3.322e-01	rs1405655	19	50379362	T	C	.
21	34589235	CAT	C	21:33216930:CAT:C	74	4.2452e-02	5.3382e-03	1.8280e-15	108907	2161314	95104	5.5910e-09	0.03124251514792576	0.0055225295632367315	1.5378765926467402e-08	3.097e-01	rs77834682	21	33216930	CAT	C	.
21	34589811	A	G	21:33217506:A:G	95	3.5523e-02	4.583e-03	9.113e-15	148087	2707288	126781	3.1616e-09	0.026986771891175296	0.004696568059020274	9.134575114984086e-09	3.059e-01	rs56079299	21	33217506	A	G	.
21	34590623	A	G	21:33218318:A:G	93	3.5815e-02	4.7775e-03	6.5478e-14	140979	2164765	119471	6.8064e-10	0.026637821896734616	0.004905898878307784	5.64319233866864e-08	3.023e-01	rs62226130	21	33218318	A	G	.
21	34593122	T	C	21:33220817:T:C	100	2.2831e-02	3.7872e-03	1.6546e-09	208343	2930792	174013	6.058e-10	0.01638838304094672	0.003863103648712412	2.212563924792842e-05	5.622e-01	rs2186277	21	33220817	T	C	.
21	34593150	T	G	21:33220845:T:G	96	3.5484e-02	4.5814e-03	9.5286e-15	148256	2707478	126871	2.1529e-09	0.026951623940969418	0.0046946439941100634	9.415784383919968e-09	3.065e-01	rs2186278	21	33220845	T	G	.
21	34593673	T	A	21:33221368:T:A	91	2.7346e-02	4.6965e-03	5.7966e-09	140574	2660595	120433	3.6852e-03	0.025945610417114642	0.004710384011913967	3.625768277025914e-08	3.073e-01	rs62226131	21	33221368	T	A	.
21	34593710	T	A	21:33221405:T:A	95	3.5872e-02	4.5825e-03	4.9527e-15	148087	2707288	126781	2.1358e-09	0.027351803890119493	0.004695783856459435	5.719546746311216e-09	3.073e-01	rs62226132	21	33221405	T	A	.
21	34596750	C	T	21:33224445:C:T	96	3.5633e-02	4.5801e-03	7.2563e-15	150692	2715620	128766	4.0506e-09	0.02719180922149775	0.00469321507972356	6.878871814082781e-09	3.062e-01	rs62226152	21	33224445	C	T	.
21	34598385	A	C	21:33226080:A:C	96	2.9017e-02	4.2141e-03	5.753e-12	148129	2708174	126896	4.1748e-09	0.021214674047906418	0.004319503782337886	9.044301479560312e-07	5.625e-01	rs1476415	21	33226080	A	C	.
21	34599084	G	A	21:33226779:G:A	98	2.8133e-02	4.0239e-03	2.7184e-12	207939	2929604	173733	9.9124e-11	0.02134268678028538	0.004099868434748917	1.9326623990096655e-07	3.064e-01	rs4553897	21	33226779	G	A	.
21	34600508	G	T	21:33228203:G:T	96	3.5851e-02	4.5569e-03	3.6155e-15	150692	2715620	128766	8.1746e-10	0.027219798417202512	0.0046681520138759465	5.5110049772719285e-09	3.058e-01	rs12627039	21	33228203	G	T	.
21	34602305	C	A	21:33230000:C:A	97	3.6799e-02	4.4261e-03	9.2432e-17	148491	2708476	127061	2.1505e-12	0.027407731279143012	0.004534016945483186	1.4949201583561499e-09	3.37e-01	rs17860115	21	33230000	C	A	.
21	34602934	T	C	21:33230629:T:C	97	3.6645e-02	4.4209e-03	1.1415e-16	148491	2708476	127061	3.6035e-12	0.027457691971570962	0.004529237937569369	1.3417151660438728e-09	3.386e-01	rs12482556	21	33230629	T	C	.
21	34603249	C	G	21:33230944:C:G	97	2.6040e-02	4.5078e-03	7.6133e-09	202444	2952086	169202	9.2509e-03	0.02482876887627371	0.00452001585375854	3.950034633536547e-08	3.382e-01	rs11088247	21	33230944	C	G	.
21	34604557	G	A	21:33232252:G:A	98	3.5949e-02	4.398e-03	2.9836e-16	150083	2776540	128616	4.6101e-12	0.02674399886671827	0.0045043233272477265	2.8956597942007565e-09	3.366e-01	rs2300370	21	33232252	G	A	.
21	34605778	C	T	21:33233473:C:T	97	3.7964e-02	4.5108e-03	3.8856e-17	157557	2712933	130309	2.1882e-12	0.029545239367858127	0.004618431097824724	1.582044516521353e-10	3.029e-01	rs2248420	21	33233473	C	T	.
21	34606634	A	C	21:33234329:A:C	97	2.4715e-02	4.1232e-03	2.0463e-09	211554	2957428	172569	2.4215e-06	0.02165313261946798	0.0041614187189735665	1.9577471135569457e-07	3.369e-01	rs2834154	21	33234329	A	C	.
21	34606972	GGGTTTGTCT	G	21:33234667:GGGTTTGTCT:G	75	4.2580e-02	5.2881e-03	8.1373e-16	108996	2435636	95193	3.2435e-10	0.031046537166980078	0.005463885512437197	1.3302329708975914e-08	3.024e-01	rs59863111	21	33234667	GGGTTTGTCT	G	.
21	34607436	G	A	21:33235131:G:A	95	2.9831e-02	4.4611e-03	2.277e-11	151893	2735225	125688	2.7900e-05	0.026309911926871914	0.004509529927799355	5.401962441110205e-09	3.355e-01	rs6517153	21	33235131	G	A	.
21	34609505	G	A	21:33237200:G:A	98	3.8404e-02	4.4849e-03	1.1004e-17	171945	2753514	140974	8.7872e-13	0.030063915742094435	0.00459052702948834	5.787682817793214e-11	3.026e-01	rs3153	21	33237200	G	A	.
21	34609596	T	G	21:33237291:T:G	95	2.9304e-02	4.2956e-03	8.9777e-12	144812	2686119	123611	1.0341e-08	0.021207043984634338	0.004406505714453993	1.4892944056975083e-06	5.711e-01	rs1137779	21	33237291	T	G	.
21	34609944	A	G	21:33237639:A:G	99	3.9443e-02	4.3324e-03	8.7022e-20	159384	2781995	132055	4.262e-15	0.0306881135161881	0.004433951628179918	4.479424460732724e-12	3.361e-01	rs9636867	21	33237639	A	G	.
21	34610487	T	C	21:33238182:T:C	99	2.8286e-02	4.1467e-03	9.0227e-12	152782	2785552	130748	2.7556e-08	0.02073326028145523	0.004246281022433061	1.0465002392301215e-06	5.732e-01	rs1131964	21	33238182	T	C	.
21	34610646	CTA	C	21:33238341:CTA:C	74	3.7787e-02	5.9435e-03	2.0477e-10	108907	2161314	95104	2.0629e-05	0.028498797972253347	0.00614698626950796	3.5483347514480156e-06	2.119e-01	rs5843593	21	33238341	CTA	C	.
21	34611318	C	T	21:33239013:C:T	97	3.7939e-02	4.4885e-03	2.8497e-17	157557	2712933	130309	4.8949e-12	0.029782147535594754	0.004594881341249564	9.075961562831825e-11	3.031e-01	rs12482014	21	33239013	C	T	.
21	34611545	T	C	21:33239240:T:C	97	3.9084e-02	4.4762e-03	2.5115e-18	157557	2712933	130309	3.7446e-12	0.030920801961487717	0.004581962163369568	1.495094391309426e-11	3.049e-01	rs12482193	21	33239240	T	C	.
21	34611571	C	G	21:33239266:C:G	96	3.8100e-02	4.4506e-03	1.1224e-17	151308	2417229	125341	4.1199e-15	0.028904977981496542	0.0045608578223268244	2.3334337558527405e-10	3.374e-01	rs12482060	21	33239266	C	G	.
21	34611730	C	T	21:33239425:C:T	98	3.8375e-02	4.4884e-03	1.2318e-17	160162	2721265	132294	1.9415e-12	0.030081144894877572	0.0045945324569618435	5.86410348204119e-11	3.026e-01	rs17860165	21	33239425	C	T	.
21	34613301	A	G	21:33240996:A:G	101	3.9303e-02	4.3200e-03	9.2027e-20	174134	2822878	142884	3.9763e-15	0.03066157041797414	0.004420877393265064	4.044144511531969e-12	3.374e-01	rs17860169	21	33240996	A	G	.
21	34614255	T	G	21:33241950:T:G	94	3.003e-02	4.4254e-03	1.1545e-11	151531	2734923	125524	7.4188e-05	0.02661893993239596	0.004473812167934556	2.68231292188933e-09	3.371e-01	rs1051393	21	33241950	T	G	.
21	34614834	G	A	21:33242529:G:A	94	-2.8041e-02	4.4815e-03	3.9234e-10	142592	2729770	122250	6.0766e-03	-0.02689974632268251	0.004493459152750353	2.1450632980136327e-09	6.564e-01	rs9976829	21	33242529	G	A	.
21	34614987	G	C	21:33242682:G:C	74	-3.0855e-02	5.4415e-03	1.4249e-08	96769	2016935	84022	1.9458e-03	-0.029182204610347852	0.005462929033667849	9.199746144645508e-08	6.125e-01	rs62226155	21	33242682	G	C	.
21	34615210	T	C	21:33242905:T:C	93	-2.8341e-02	4.4832e-03	2.5894e-10	142534	2728870	122195	3.5475e-03	-0.027198428246688253	0.004495167749860685	1.4431407617561254e-09	6.564e-01	rs13050728	21	33242905	T	C	.
21	34616545	A	G	21:33244240:A:G	96	-3.6672e-02	4.532e-03	5.8801e-16	148256	2707478	126871	1.5378e-09	-0.028333187997139977	0.004641639143682286	1.0335945042188245e-09	6.9e-01	rs2834157	21	33244240	A	G	.
21	34616923	C	A	21:33244618:C:A	101	-3.4391e-02	4.2347e-03	4.6152e-16	209935	2998856	175568	2.7659e-11	-0.026077396328822312	0.004329246411431314	1.7064110891380877e-09	6.574e-01	rs2236756	21	33244618	C	A	.
21	34617213	T	C	21:33244908:T:C	100	-3.0474e-02	3.8616e-03	2.9853e-15	218783	2987159	178567	7.1973e-17	-0.02340399127297151	0.003932934164754182	2.6688198691554585e-09	6.576e-01	rs2834158	21	33244908	T	C	.
21	34617729	A	G	21:33245424:A:G	98	-3.5752e-02	4.363e-03	2.5188e-16	150083	2776540	128616	1.5174e-11	-0.02689474297181354	0.004467665347943066	1.7456242722479047e-09	6.546e-01	rs2252639	21	33245424	A	G	.
21	34617950	A	T	21:33245645:A:T	97	-3.5467e-02	4.3674e-03	4.634e-16	149809	2776188	128462	3.6717e-11	-0.026854703027538784	0.004470337434953198	1.8862658531906423e-09	6.167e-01	rs2252650	21	33245645	A	T	.
21	34618043	A	T	21:33245738:A:T	95	-3.5951e-02	4.5061e-03	1.4837e-15	148087	2707288	126781	6.341e-10	-0.02769339668732494	0.004615101134026997	1.9658427105154665e-09	6.357e-01	rs2284549	21	33245738	A	T	.
21	34618285	G	A	21:33245980:G:A	101	-2.0042e-02	3.5568e-03	1.7529e-08	209935	2998856	175568	9.4198e-11	-0.014030785822465319	0.003621015066777394	0.00010670303156430118	4.821e-01	rs2284550	21	33245980	G	A	.
21	34618313	A	G	21:33246008:A:G	96	-3.5855e-02	4.5058e-03	1.7559e-15	148256	2707478	126871	7.3981e-10	-0.027561868988985248	0.004614791918124962	2.336376154882602e-09	6.863e-01	rs2284551	21	33246008	A	G	.
21	34618439	G	A	21:33246134:G:A	96	3.7705e-02	4.4542e-03	2.5609e-17	157366	2712820	130238	4.8804e-13	0.0295434714135811	0.004558986332472104	9.155742065684871e-11	3.089e-01	rs12053666	21	33246134	G	A	.
21	34619445	A	G	21:33247140:A:G	98	-3.5697e-02	4.3696e-03	3.1016e-16	150083	2776540	128616	1.7212e-11	-0.02673400349830105	0.004474598159298873	2.3063349398351912e-09	6.553e-01	rs2073361	21	33247140	A	G	.
21	34620207	C	T	21:33247902:C:T	98	-3.5818e-02	4.3661e-03	2.3296e-16	150083	2776540	128616	1.8172e-11	-0.02707015997900757	0.0044710231968481656	1.4078599234470622e-09	6.538e-01	rs2834161	21	33247902	C	T	.
21	34620451	G	A	21:33248146:G:A	98	-3.5410e-02	4.3705e-03	5.3977e-16	150083	2776540	128616	1.5017e-11	-0.02652148324603177	0.0044755623301420055	3.106978312048351e-09	6.553e-01	rs2834163	21	33248146	G	A	.
21	34621948	A	C	21:33249643:A:C	98	-3.0973e-02	4.1315e-03	6.538e-14	157792	2713931	130499	2.3615e-12	-0.023206346769512033	0.004233039371395593	4.200811098743726e-08	4.802e-01	rs2834164	21	33249643	A	C	.
21	34622536	A	G	21:33250231:A:G	99	-2.8274e-02	4.1792e-03	1.3304e-11	163241	2749359	137890	1.2581e-09	-0.020205321616724083	0.004284466096552622	2.4058724699094615e-06	4.802e-01	rs2834165	21	33250231	A	G	.
21	34624917	A	G	21:33252612:A:G	96	-3.5497e-02	4.5157e-03	3.8174e-15	148256	2707478	126871	5.8091e-10	-0.027155046786394525	0.004625116872683095	4.326177417916506e-09	6.874e-01	rs2236757	21	33252612	A	G	.
21	34625413	A	G	21:33253108:A:G	96	-3.5042e-02	4.5033e-03	7.1743e-15	142937	2621349	121840	3.3695e-11	-0.0256531720705076	0.004618269480880278	2.7806461738121705e-08	6.589e-01	rs2236758	21	33253108	A	G	.
21	34625998	T	G	21:33253693:T:G	95	-2.8770e-02	4.1973e-03	7.1606e-12	147557	2704738	126406	2.2835e-08	-0.020802920750535803	0.0043038002754188145	1.340746429996264e-06	4.857e-01	rs4817554	21	33253693	T	G	.
21	34626854	C	T	21:33254549:C:T	97	-3.6432e-02	4.4289e-03	1.9363e-16	148491	2708476	127061	3.2063e-11	-0.027270746388263756	0.004537600396237115	1.8558184304292188e-09	6.607e-01	rs9975538	21	33254549	C	T	.
21	34626855	A	G	21:33254550:A:G	96	-3.5917e-02	4.5357e-03	2.4003e-15	148256	2707478	126871	1.0431e-09	-0.02732674858636221	0.004646534026910987	4.075396536435326e-09	6.920e-01	rs9975448	21	33254550	A	G	.
21	34627774	C	G	21:33255469:C:G	97	-3.6846e-02	4.3835e-03	4.2533e-17	193504	2615587	163094	6.4579e-11	-0.027561401348105665	0.004490656394202963	8.38304864226777e-10	6.397e-01	rs11701402	21	33255469	C	G	.
21	34629175	A	G	21:33256870:A:G	97	3.5014e-02	4.3871e-03	1.4493e-15	148491	2708476	127061	6.6672e-11	0.025752319865424148	0.004494653379609163	1.0070023270081631e-08	3.429e-01	rs11911133	21	33256870	A	G	.
21	34631133	A	G	21:33258828:A:G	97	3.7709e-02	4.3947e-03	9.442e-18	148491	2708476	127061	1.0227e-10	0.02832321199296431	0.004502532154198059	3.1642989296404295e-10	3.497e-01	rs17860241	21	33258828	A	G	.
21	34632241	C	T	21:33259936:C:T	98	3.4940e-02	4.5109e-03	9.5018e-15	207939	2929604	173733	2.2605e-10	0.0263597717999798	0.0046194416444306895	1.1548015914953226e-08	2.999e-01	rs2300371	21	33259936	C	T	.
21	34632316	T	C	21:33260011:T:C	100	2.6730e-02	3.8853e-03	5.9930e-12	208343	2930792	174013	2.9051e-14	0.01900022027173361	0.003959305086695178	1.5955730664902865e-06	3.512e-01	rs2250226	21	33260011	T	C	.
21	34634045	C	G	21:33261740:C:G	98	3.8571e-02	4.4521e-03	4.5707e-18	205166	2919024	171538	3.5908e-12	0.028913041057388643	0.004563542715357242	2.3633211896784267e-10	3.401e-01	rs6517156	21	33261740	C	G	.
21	34634878	G	A	21:33262573:G:A	97	3.8785e-02	4.3919e-03	1.0384e-18	207240	2926864	173268	6.9749e-11	0.029595090490058037	0.004498563463320387	4.743018857161416e-11	3.353e-01	rs1131668	21	33262573	G	A	.
21	34635053	G	GT	21:33262748:G:GT	73	4.3853e-02	5.1375e-03	1.3906e-17	107774	2378504	94120	2.6541e-11	0.031024762456963142	0.005311467489474485	5.186021119695452e-09	3.397e-01	rs3216172	21	33262748	G	GT	.
21	35265459	C	T	21:33893155:C:T	97	4.2867e-02	7.2118e-03	2.781e-09	158980	2780807	131775	1.7314e-05	0.035744491269872405	0.007372067370952282	1.243115884990933e-06	8.208e-02	rs75586969	21	33893155	C	T	.
21	35268377	C	A	21:33896073:C:A	97	4.1475e-02	7.1666e-03	7.1546e-09	158980	2780807	131775	2.082e-05	0.03457796462592598	0.007325598031914053	2.356639766440567e-06	8.277e-02	rs74609750	21	33896073	C	A	.
21	35269581	G	A	21:33897277:G:A	99	4.168e-02	7.1614e-03	5.8823e-09	161754	2789329	133849	2.7685e-05	0.03470473102151817	0.007319690199993651	2.123678502201183e-06	8.273e-02	rs79932110	21	33897277	G	A	.
21	35269964	A	G	21:33897660:A:G	99	4.0634e-02	7.1334e-03	1.2240e-08	161754	2789329	133849	5.0132e-05	0.03382863693178297	0.007291340230909967	3.4914562902539913e-06	8.308e-02	rs12627530	21	33897660	A	G	.
21	35281983	CTG	C	21:33909679:CTG:C	76	4.8481e-02	8.1967e-03	3.3243e-09	118297	2441091	98632	6.9901e-05	0.039628130421757383	0.00843736953682663	2.6434667799288987e-06	8.367e-02	rs35410950	21	33909679	CTG	C	.
21	35283280	C	T	21:33910976:C:T	99	3.9817e-02	7.1097e-03	2.1377e-08	161754	2789329	133849	1.1487e-05	0.03290711803938923	0.007265223116316469	5.915078780625063e-06	8.382e-02	rs12626300	21	33910976	C	T	.
21	35284130	G	A	21:33911826:G:A	98	4.0192e-02	7.0969e-03	1.484e-08	159149	2780997	131865	1.4042e-05	0.03331470617517077	0.00725225779749574	4.354525311507965e-06	8.408e-02	rs73354046	21	33911826	G	A	.
21	35286007	A	G	21:33913703:A:G	98	3.985e-02	7.1173e-03	2.1563e-08	159149	2780997	131865	1.3798e-05	0.03293470008463857	0.00727338532249409	5.9513163923155065e-06	8.370e-02	rs1892689	21	33913703	A	G	.
21	35286554	A	T	21:33914250:A:T	98	3.9918e-02	7.1192e-03	2.0569e-08	159149	2780997	131865	1.4093e-05	0.0330156811618804	0.0072751672485284954	5.675429328160424e-06	9.076e-02	rs12627646	21	33914250	A	T	.
21	35286740	A	G	21:33914436:A:G	98	4.0078e-02	7.1169e-03	1.7870e-08	159149	2780997	131865	1.336e-05	0.033086759080579384	0.007272711290384139	5.3789028445512575e-06	8.372e-02	rs12626438	21	33914436	A	G	.
21	35288558	C	T	21:33916254:C:T	98	3.9406e-02	7.1208e-03	3.1307e-08	159149	2780997	131865	1.9006e-05	0.03254254581717093	0.007277289617079635	7.756584080594794e-06	8.373e-02	rs2239565	21	33916254	C	T	.
21	35288847	G	A	21:33916543:G:A	101	3.9403e-02	7.0758e-03	2.5677e-08	219001	3003313	178816	2.6275e-05	0.032592302678143545	0.0072292599045231136	6.53222888142396e-06	8.372e-02	rs2284574	21	33916543	G	A	.
21	35289762	C	G	21:33917458:C:G	98	3.9948e-02	7.1256e-03	2.068e-08	159149	2780997	131865	1.6983e-05	0.03317215032757464	0.007282416327743141	5.236012564385434e-06	9.077e-02	rs12626964	21	33917458	C	G	.
21	35329717	G	GA	21:33957414:G:GA	77	4.3272e-02	7.9068e-03	4.4319e-08	118753	2442073	98943	2.5445e-06	0.03347856085810278	0.008137488071381892	3.886678306631186e-05	9.236e-02	rs80157552	21	33957414	G	GA	.
